ID,EquipPoint
1013040,16
10100000,0
10100001,0
10100002,0
10100003,0
10100004,0
10100005,0
10100006,0
10100007,0
10100008,0
10100009,0
10100010,0
10100011,0
10100012,0
10100013,0
10100014,0
10100015,0
10100016,0
10100021,0
10100031,0
10100032,0
10100100,0
10101000,0
10101001,0
10101002,0
10101003,0
10101004,0
10101005,0
10101006,0
10101007,0
10101008,0
10101009,0
10101010,0
10101011,0
10101012,0
10101013,0
10101014,0
10101015,0
10101100,0
10102000,0
10102001,0
10102002,0
10102003,0
10102004,0
10102005,0
10102006,0
10102007,0
10102008,0
10102009,0
10102010,0
10102012,0
10102013,0
10102014,0
10102015,0
10102016,0
10102017,0
10102018,0
10102100,0
10103000,0
10103001,0
10103002,0
10103003,0
10103004,0
10103005,0
10103006,0
10103007,0
10103008,0
10103009,0
10103010,0
10103011,0
10103012,0
10103013,0
10103014,0
10103015,0
10103100,0
10104000,0
10104001,0
10104002,0
10104003,0
10104004,0
10104005,0
10104006,0
10104007,0
10104008,0
10104009,0
10104010,0
10104011,0
10104012,0
10104013,0
10104014,0
10104015,0
10104100,0
10105000,0
10105001,0
10105002,0
10105003,0
10105004,0
10105005,0
10105006,0
10105007,0
10105008,0
10105009,0
10105010,0
10105011,0
10105012,0
10105013,0
10105014,0
10105015,0
10105100,0
10106000,0
10106001,0
10106002,0
10106003,0
10106004,0
10106005,0
10106006,0
10106007,0
10106008,0
10106009,0
10106010,0
10106011,0
10106012,0
10106013,0
10106014,0
10106015,0
10106100,0
10107000,0
10107001,0
10107002,0
10107003,0
10107004,0
10107005,0
10107006,0
10107007,0
10107008,0
10107009,0
10107010,0
10107011,0
10107012,0
10107013,0
10107014,0
10107015,0
10107100,0
10108000,0
10108001,0
10108002,0
10108003,0
10108004,0
10108005,0
10108006,0
10108007,0
10108008,0
10108009,0
10108010,0
10108011,0
10108012,0
10108013,0
10108014,0
10108015,0
10108100,0
10110000,1
10110001,1
10110002,1
10110003,1
10110004,1
10110005,1
10110006,1
10110007,1
10110008,1
10110009,1
10110010,1
10110011,1
10110012,1
10110013,1
10110014,1
10110015,1
10110016,1
10110017,1
10110018,1
10110019,1
10110020,1
10110021,1
10110022,1
10110023,1
10110024,1
10110025,1
10110026,1
10110027,1
10110028,1
10110029,1
10110030,1
10110031,1
10110032,1
10110033,1
10110034,1
10110035,1
10110036,1
10110037,1
10110038,1
10110039,1
10110040,1
10110041,1
10110042,1
10110043,1
10110044,1
10110045,1
10110046,1
10110047,1
10110048,1
10110049,1
10110050,1
10110051,1
10110052,1
10110053,1
10110054,1
10110055,1
10110100,1
10111000,4
10111001,4
10111002,4
10111003,4
10111004,4
10111005,4
10111006,4
10111007,4
10111008,4
10111009,4
10111010,4
10111011,4
10111012,4
10111013,4
10111014,4
10111015,4
10111016,4
10111017,4
10111018,4
10111019,4
10111020,4
10111021,4
10111022,4
10111023,4
10111024,4
10111025,4
10111026,4
10111027,4
10111028,4
10111029,4
10111030,4
10111031,4
10111032,4
10111033,4
10111034,4
10111035,4
10111036,4
10111037,4
10111038,4
10111039,4
10111040,4
10111041,4
10111042,4
10111043,4
10111044,4
10111045,4
10111046,4
10111047,4
10111048,4
10111049,4
10111050,4
10111051,4
10111052,4
10111053,4
10111054,4
10111055,4
10111100,4
10112000,3
10112001,3
10112002,3
10112003,3
10112004,3
10112005,3
10112006,3
10112007,3
10112008,3
10112009,3
10112010,3
10112011,3
10112012,3
10112013,3
10112014,3
10112015,3
10112016,3
10112017,3
10112018,3
10112019,3
10112020,3
10112021,3
10112022,3
10112023,3
10112024,3
10112025,3
10112026,3
10112027,3
10112028,3
10112029,3
10112030,3
10112031,3
10112032,3
10112033,3
10112034,3
10112035,3
10112036,3
10112037,3
10112038,3
10112039,3
10112040,3
10112041,3
10112042,3
10112043,3
10112044,3
10112045,3
10112046,3
10112047,3
10112048,3
10112049,3
10112050,3
10112051,3
10112052,3
10112053,3
10112054,3
10112055,3
10112100,3
10113000,2
10113001,2
10113002,2
10113003,2
10113004,2
10113005,2
10113006,2
10113007,2
10113008,2
10113009,2
10113010,2
10113011,2
10113012,2
10113013,2
10113014,2
10113015,2
10113016,2
10113017,2
10113018,2
10113019,2
10113020,2
10113021,2
10113022,2
10113023,2
10113024,2
10113025,2
10113026,2
10113027,2
10113028,2
10113029,2
10113030,2
10113031,2
10113032,2
10113033,2
10113034,2
10113035,2
10113036,2
10113037,2
10113038,2
10113039,2
10113040,2
10113041,2
10113042,2
10113043,2
10113044,2
10113045,2
10113046,2
10113047,2
10113048,2
10113049,2
10113050,2
10113051,2
10113052,2
10113053,2
10113054,2
10113055,2
10113100,2
10114000,14
10114001,14
10114002,14
10114003,14
10114004,14
10114005,14
10114006,14
10114007,14
10114008,14
10114009,14
10114010,14
10114011,14
10114012,14
10114013,14
10114014,14
10115000,15
10115001,15
10115002,15
10115003,15
10115004,15
10115005,15
10115006,15
10115007,15
10115008,15
10115009,15
10115010,15
10115011,15
10115012,15
10115013,15
10115014,15
10116000,0
10116001,0
10116002,0
10116003,0
10116004,0
10116005,0
10116006,0
10116007,0
10116008,0
10116009,0
10116010,0
10116011,0
10116012,0
10116013,0
10116014,0
10116015,0
10116100,0
10117000,0
10117001,0
10117002,0
10117003,0
10117004,0
10117005,0
10117006,0
10117007,0
10117008,0
10117009,0
10117010,0
10117011,0
10117012,0
10117013,0
10117014,0
10117015,0
10117100,0
10120001,7
10120002,7
10120003,7
10120004,7
10120005,7
10120006,7
10120007,7
10120008,7
10120009,7
10120010,7
10120011,7
10120012,7
10120013,7
10120014,7
10120015,7
10121001,5
10121002,5
10121003,5
10121004,5
10121005,5
10121006,5
10121007,5
10121008,5
10121009,5
10121010,5
10121011,5
10121012,5
10121013,5
10121014,5
10121015,5
10122001,6
10122002,6
10122003,6
10122004,6
10122005,6
10122006,6
10122007,6
10122008,6
10122009,6
10122010,6
10122011,6
10122012,6
10122013,6
10122014,6
10122015,6
10123001,12
10123002,12
10123003,12
10123004,12
10123005,12
10123006,12
10123007,12
10123008,12
10123009,12
10123010,12
10123011,12
10123012,12
10123013,12
10123014,12
10123015,12
10130001,16
10130002,16
10130003,16
10130004,16
10130005,16
10130006,16
10130007,16
10130008,16
10130009,16
10130010,16
10130011,16
10130012,16
10130013,16
10130014,16
10130015,16
10130016,16
10130017,16
10130020,16
10130021,16
10130022,16
10130023,16
10130024,16
10130025,16
10130026,16
10130027,16
10130028,16
10130028,16
10130029,16
10130030,16
10130031,16
10130032,16
10130033,16
10130034,16
10130035,16
10130036,16
10130037,16
10130038,16
10130039,16
10130040,16
10130041,16
10130042,16
10130043,16
10130044,16
10130045,16
10130046,16
10130047,16
10130048,16
10130049,16
10130050,16
10130051,16
10130052,16
10130053,16
10130054,16
10130055,16
10130056,16
10130057,16
10130058,16
10130059,16
10130060,16
10130061,16
10130062,16
10130063,16
10130064,16
10130065,16
10130066,16
10130067,16
10130068,16
10130069,16
10130070,16
10130071,16
10130073,16
10130074,16
10130075,16
10130076,16
10130077,16
10130078,16
10130079,16
10130080,16
10130081,16
10130082,16
10130083,16
10130084,16
10130085,16
10130086,16
10130087,16
10130088,16
10130089,16
10130090,16
10130091,16
10130092,16
10130093,16
10130094,16
10130095,16
10130096,16
10130097,16
10130098,16
10130099,16
10130100,16
10130101,16
10130102,16
10130103,16
10130104,16
10130105,16
10130106,16
10130107,16
10130108,16
10130109,16
10130110,16
10130111,16
10130112,16
10130113,16
10130114,16
10130115,16
10130116,16
10130117,16
10130118,16
10130119,16
10130120,16
10130121,16
10130122,16
10130123,16
10130124,16
10130125,16
10130126,16
10130127,16
10130128,16
10130129,16
10130130,16
10130131,16
10130132,16
10130133,16
10130134,16
10130135,16
10130136,16
10130137,16
10130138,16
10130139,16
10130140,16
10130141,16
10130142,16
10130143,16
10130144,16
10130145,16
10130146,16
10130147,16
10130148,16
10130149,16
10130150,16
10130151,16
10130152,16
10130153,16
10130154,16
10130155,16
10130156,16
10130157,16
10130158,16
10130159,16
10130160,16
10130161,16
10130162,16
10130163,16
10130164,16
10130165,16
10130166,16
10130167,16
10130168,16
10130169,16
10130170,16
10130171,16
10130172,16
10130173,16
10130174,16
10130175,16
10130176,16
10130177,16
10130178,16
10130179,16
10130180,16
10130181,16
10130182,16
10130183,16
10130184,16
10130185,16
10130186,16
10130187,16
10130188,16
10130189,16
10130190,16
10130191,16
10130192,16
10130193,16
10130194,16
10130195,16
10130196,16
10130197,16
10130198,16
10130199,16
10130200,16
10130201,16
10130202,16
10130203,16
10130204,16
10130205,16
10130206,16
10130207,16
10130208,16
10130209,16
10130210,16
10130211,16
10130212,16
10130213,16
10130214,16
10130215,16
10130216,16
10130217,16
10130218,16
10130219,16
10130220,16
10130221,16
10130222,16
10130223,16
10130224,16
10130225,16
10130226,16
10130227,16
10130228,16
10130229,16
10130230,16
10130231,16
10130232,16
10130233,16
10130234,16
10130235,16
10130236,16
10130237,16
10130238,16
10130239,16
10130240,16
10130241,16
10130242,16
10130243,16
10130244,16
10130245,16
10130246,16
10130247,16
10130248,16
10130249,16
10130252,16
10130255,16
10130258,16
10130261,16
10130264,16
10130267,16
10130270,16
10130273,16
10130276,16
10130277,16
10130278,16
10130279,16
10130280,16
10130281,16
10130282,16
10130283,16
10130284,16
10130285,16
10130286,16
10130287,16
10130288,16
10130289,16
10130290,16
10130291,16
10130292,16
10130293,16
10130294,16
10130295,16
10130296,16
10130297,16
10130298,16
10130299,16
10130300,16
10130301,16
10130302,16
10130303,16
10130304,16
10130305,16
10130306,16
10130307,16
10130308,16
10130309,16
10130310,16
10130311,16
10130312,16
10130313,16
10130314,16
10130315,16
10130316,16
10130317,16
10130318,16
10130319,16
10130320,16
10130321,16
10130322,16
10130323,16
10130324,16
10130325,16
10130326,16
10130327,8
10130328,8
10130329,8
10130330,16
10130331,8
10130332,8
10130333,8
10130334,16
10130335,16
10130336,16
10130337,16
10130338,16
10130339,16
10130340,16
10130341,16
10130342,16
10130343,16
10130344,16
10130345,16
10130346,16
10130347,16
10130348,16
10130349,16
10130350,16
10130351,16
10130352,16
10130353,16
10130354,16
10130355,16
10130356,16
10130357,16
10130358,16
10130359,16
10130360,16
10130361,16
10130362,16
10130363,16
10130364,16
10130365,16
10130366,16
10130367,16
10130368,16
10130369,16
10130370,16
10130371,16
10130372,16
10130373,16
10130374,16
10130375,16
10130376,16
10130377,16
10130378,16
10130379,16
10130380,16
10130381,16
10130382,16
10130383,16
10130384,16
10130385,16
10130386,16
10130387,16
10130388,16
10130389,16
10130390,16
10130391,16
10130392,16
10130393,16
10130394,16
10130395,16
10130396,16
10130397,16
10130398,16
10130399,16
10130400,16
10130401,16
10130402,16
10130403,16
10130404,16
10130405,16
10130406,16
10130407,16
10130408,16
10130409,16
10130410,16
10130411,16
10130412,16
10130413,16
10130414,16
10130415,16
10130416,16
10130417,16
10130418,16
10130419,16
10130420,16
10130421,16
10130422,16
10130423,16
10130424,16
10130425,16
10130426,16
10130427,16
10130428,16
10130429,16
10130430,16
10130432,16
10130434,16
10130436,16
10130438,16
10130440,16
10130442,16
10130444,16
10130446,16
10130448,16
10130450,16
10130451,16
10130452,16
10130453,16
10130454,16
10130455,16
10130456,16
10130457,16
10130458,16
10130459,16
10130460,16
10130461,16
10130462,16
10130463,16
10130464,16
10130465,16
10130466,16
10130467,16
10130468,16
10130469,16
10130470,16
10130471,16
10130472,16
10130473,16
10130474,16
10130475,16
10130476,16
10130477,16
10130478,16
10130479,16
10130480,16
10130481,16
10130482,16
10130483,16
10130484,16
10130485,16
10130486,16
10130487,16
10130488,16
10130489,16
10130490,16
10130491,16
10130492,16
10130493,16
10130494,16
10130495,16
10130496,16
10130497,16
10130498,16
10130499,16
10130500,16
10130501,16
10130502,16
10130503,16
10130504,16
10130505,16
10130506,16
10130507,16
10130508,16
10130509,16
10130510,16
10130511,16
10130512,16
10130513,16
10130514,16
10130515,16
10130525,16
10130526,16
10130527,16
10130528,16
10130529,16
10130530,16
10130531,16
10130532,16
10130533,16
10130534,16
10130535,16
10130536,16
10130537,16
10130538,16
10130539,16
10130540,16
10130541,16
10130542,16
10130543,16
10130544,16
10130545,16
10130546,16
10130547,16
10130548,16
10130549,16
10130550,16
10130551,16
10130552,16
10130553,16
10130554,16
10130555,16
10130556,16
10130557,16
10130558,16
10130559,16
10130560,16
10130561,16
10130562,16
10130563,16
10130564,16
10130565,16
10130566,16
10130567,16
10130568,16
10130569,16
10130570,16
10130571,16
10130572,16
10130573,16
10130574,16
10130575,16
10130576,16
10130577,16
10130578,16
10130579,16
10130580,16
10130581,16
10130582,16
10130583,16
10130584,16
10130585,16
10130586,16
10130587,16
10130588,16
10130589,16
10130590,16
10130591,16
10130595,16
10130596,16
10130597,16
10130598,16
10130599,16
10130600,16
10130601,16
10130602,16
10130603,16
10130604,16
10130605,16
10130609,16
10130610,16
10130611,16
10130612,16
10130613,16
10130614,16
10130615,16
10130616,16
10130617,16
10130618,16
10130619,16
10130620,16
10130621,16
10130622,16
10130623,16
10130624,16
10130625,16
10130626,16
10130627,16
10130628,16
10130629,16
10130630,16
10130631,16
10130632,16
10130633,16
10130634,16
10130635,16
10130636,16
10130637,16
10130638,16
10130639,16
10130640,16
10130641,16
10130642,16
10130643,16
10130644,16
10130645,16
10130646,16
10130647,16
10130648,16
10130649,16
10130650,16
10130651,16
10130652,16
10130653,16
10130654,16
10130655,16
10130656,16
10130657,16
10130658,16
10130659,16
10130660,16
10130661,16
10130662,16
10130663,16
10130664,16
10130665,16
10130666,16
10130667,16
10130668,16
10130669,16
10130670,16
10130671,16
10130672,16
10130673,16
10130674,16
10130675,16
10130676,16
10130677,16
10130678,16
10130679,16
10130680,16
10130681,16
10130682,16
10130683,16
10130684,16
10130685,16
10130686,16
10130687,16
10130688,16
10130689,16
10130690,16
10130691,16
10130692,16
10130693,16
10130694,16
10130695,16
10130696,16
10130697,16
10130698,16
10130699,16
10130700,16
10130701,16
10130702,16
10130703,16
10130704,16
10130705,16
10130706,16
10130707,16
10130708,16
10130709,16
10130710,16
10130711,16
10130712,16
10130713,16
10130714,16
10130715,16
10130716,16
10130717,16
10130718,16
10130719,16
10130720,16
10130721,16
10130722,16
10130723,16
10130724,16
10130725,16
10130726,16
10130727,16
10130728,16
10130729,16
10130730,16
10130731,16
10130732,16
10130733,16
10130734,16
10130735,16
10130736,16
10130737,16
10130738,16
10130739,16
10130740,16
10130741,16
10130742,16
10130743,16
10130744,16
10130745,16
10130746,16
10130747,16
10130748,16
10130749,16
10130750,16
10130751,16
10130752,16
10130753,16
10130754,16
10130755,16
10130756,16
10130757,16
10130758,16
10130759,16
10130760,16
10130761,16
10130762,16
10130763,16
10130764,16
10130765,16
10130766,16
10130767,16
10130768,16
10130769,16
10130770,16
10130771,16
10130772,16
10130773,16
10130774,16
10130775,16
10130776,16
10130777,16
10130778,16
10130779,16
10130780,16
10130781,16
10130782,16
10130783,16
10130784,16
10130785,16
10130786,16
10130787,16
10130789,16
10130790,16
10130791,16
10130792,16
10130793,16
10130794,16
10130795,16
10130796,16
10130797,16
10130798,16
10130799,16
10130800,16
10130801,16
10130802,16
10130803,16
10130804,16
10130805,16
10130806,16
10130807,16
10130808,16
10130809,16
10130810,16
10130811,16
10130812,16
10130813,16
10130814,16
10130815,16
10130816,16
10130817,16
10130818,16
10130819,16
10130820,16
10130821,16
10130822,16
10130823,16
10130824,16
10130825,16
10130826,16
10130827,16
10130828,16
10130829,16
10130830,16
10130831,16
10130832,16
10130833,16
10130834,16
10130835,16
10130836,16
10130837,16
10130838,16
10130839,16
10130841,16
10130842,16
10130843,16
10130844,16
10130845,16
10130846,16
10130847,16
10130848,16
10130849,16
10130850,16
10130851,16
10130852,16
10130853,16
10130854,16
10130855,16
10130856,16
10130857,16
10130858,16
10130859,16
10130860,16
10130861,16
10130862,16
10130863,16
10130864,16
10130865,16
10130866,16
10130867,16
10130868,16
10130869,16
10130870,16
10130871,16
10130872,16
10130873,16
10130874,16
10130875,16
10130876,16
10130877,16
10130878,16
10130879,16
10130880,16
10130881,16
10130882,16
10130883,16
10130884,16
10130885,16
10130886,16
10130887,16
10130888,16
10130889,16
10130890,16
10130891,16
10130892,16
10130893,16
10130894,16
10130895,16
10130896,16
10130897,16
10130899,16
10130900,16
10130901,16
10130902,16
10130903,16
10130904,16
10130905,16
10130906,16
10130907,16
10130908,16
10130909,16
10130910,16
10130911,16
10130912,16
10130913,16
10130914,16
10130915,16
10130916,16
10130917,16
10130918,16
10130919,16
10130920,16
10130921,16
10130922,16
10130923,16
10130924,16
10130925,16
10130926,16
10130927,16
10130928,16
10130929,16
10130930,16
10130931,16
10130932,16
10130933,16
10130934,16
10130935,16
10130936,16
10130937,16
10130938,16
10130939,16
10130940,16
10130941,16
10130942,16
10130943,16
10130944,16
10130945,16
10130946,16
10130947,16
10130948,16
10130949,16
10130950,16
10130951,16
10130952,16
10130953,16
10130954,16
10130955,16
10130956,16
10130957,16
10130958,16
10130959,16
10130960,16
10130961,16
10130962,16
10130963,16
10130964,16
10130965,16
10130966,16
10130967,16
10130968,16
10130971,16
10130972,16
10130973,16
10130974,16
10130975,16
10130976,16
10130977,16
10130978,16
10130979,16
10130980,16
10130981,16
10130982,16
10130983,16
10130984,16
10130985,16
10130986,16
10130987,16
10130988,16
10130989,16
10130990,16
10130991,16
10130992,16
10130993,16
10130994,16
10130995,16
10130996,16
10130997,16
10130998,16
10130999,16
10131000,16
10131001,16
10131002,16
10131003,16
10131004,16
10131005,16
10131006,16
10131007,16
10131008,16
10131009,16
10131010,16
10131011,16
10131012,16
10131013,16
10131014,16
10131015,16
10131016,16
10131017,16
10131018,16
10131019,16
10131020,16
10131021,16
10131022,16
10131023,16
10131024,16
10131025,16
10131026,16
10131027,16
10131028,16
10131029,16
10131030,16
10131031,16
10131032,16
10131033,16
10131034,16
10131035,16
10131036,16
10131037,16
10131038,16
10131039,16
10131040,16
10131041,16
10131042,16
10131043,16
10131044,16
10131045,16
10131046,16
10131047,16
10131048,16
10131049,16
10131050,16
10131051,16
10131052,16
10131053,16
10131054,16
10131055,16
10131056,16
10131057,16
10131058,16
10131059,16
10131060,16
10131061,16
10131062,16
10131063,16
10131064,16
10131065,16
10131066,16
10131067,16
10131068,16
10131069,16
10131070,16
10131071,16
10131072,16
10131073,16
10131074,16
10131075,16
10131076,16
10131077,16
10131078,16
10131079,16
10131080,16
10131081,16
10131082,16
10131083,16
10131084,16
10131085,16
10131086,16
10131087,16
10131088,16
10131089,16
10131090,16
10131091,16
10131092,16
10131093,16
10131094,16
10131095,16
10131096,16
10131097,16
10131098,16
10131099,16
10131100,16
10131101,16
10131102,16
10131103,16
10131104,16
10131105,16
10131106,16
10131107,16
10131108,16
10131109,16
10131110,16
10131111,16
10131112,16
10131113,16
10131114,16
10131115,16
10131116,16
10131117,16
10131118,16
10131119,16
10131120,16
10131121,16
10131122,16
10131123,16
10131124,16
10131125,16
10131126,16
10131127,16
10131128,16
10131129,16
10131130,16
10131131,16
10131132,16
10131133,16
10131134,16
10131135,16
10131136,16
10131137,16
10131138,16
10131139,16
10131140,16
10131141,16
10131142,16
10131143,16
10131144,16
10131145,16
10131146,16
10131147,16
10131148,16
10131149,16
10131150,16
10131151,16
10131152,16
10131153,16
10131154,16
10131155,16
10131156,16
10131157,16
10131158,16
10131159,16
10131160,16
10131161,16
10131162,16
10131163,16
10131164,16
10131165,16
10131166,16
10131167,16
10131168,16
10131169,16
10131170,16
10131171,16
10131172,16
10131173,16
10131174,16
10131175,16
10131176,16
10131177,16
10131178,16
10131179,16
10131180,16
10131181,16
10131182,16
10131183,16
10131184,16
10131185,16
10131186,16
10131187,16
10131188,16
10131189,16
10131190,16
10131191,16
10131192,16
10131193,16
10131194,16
10131195,16
10131196,16
10131197,16
10131198,16
10131199,16
10131200,16
10131201,16
10131202,16
10131203,16
10131204,16
10131205,16
10131206,16
10131207,16
10131208,16
10131209,16
10131210,16
10131211,16
10131212,16
10131213,16
10131214,16
10131215,16
10131216,16
10131217,16
10131218,16
10131219,16
10131220,16
10131221,16
10131222,16
10131223,16
10131224,16
10131225,16
10131226,16
10131227,16
10131228,16
10131229,16
10131230,16
10131231,16
10131232,16
10131233,16
10131234,16
10131235,16
10131236,16
10131237,16
10131238,16
10131239,16
10131240,16
10131241,16
10131242,16
10131243,16
10131244,16
10131245,16
10131246,16
10131247,16
10131248,16
10131249,16
10131250,16
10131251,16
10131252,16
10131253,16
10131254,16
10131257,16
10131259,16
10131260,16
10131261,16
10131262,16
10131263,16
10131264,16
10131265,16
10131266,16
10131267,16
10131268,16
10131269,16
10131270,16
10131271,16
10131272,16
10131273,16
10131274,16
10131275,16
10131276,16
10131277,16
10131278,16
10131279,16
10131280,16
10131281,16
10131282,16
10131283,16
10131284,16
10131285,16
10131286,16
10131287,16
10131288,16
10131289,16
10131290,16
10131291,16
10131292,16
10131293,16
10131294,16
10131295,16
10131296,16
10131297,16
10131298,16
10131299,16
10131300,16
10131301,16
10131302,16
10131303,16
10131304,16
10131305,16
10131306,16
10131307,16
10131308,16
10131309,16
10131310,16
10131311,16
10131312,16
10131313,16
10131314,16
10131315,16
10131316,18
10131317,16
10131318,16
10131319,16
10131320,16
10131321,16
10131322,16
10131323,16
10131324,16
10131325,16
10131326,16
10131327,16
10131328,16
10131329,16
10131330,16
10131331,16
10131332,16
10131333,16
10131334,16
10131335,16
10131336,16
10131337,16
10131338,16
10131339,16
10131340,16
10131341,16
10131342,16
10131343,16
10131344,16
10131345,16
10131346,16
10131347,16
10131348,16
10131349,16
10131350,16
10131351,16
10131352,16
10131353,16
10131354,16
10131355,16
10131356,16
10131357,16
10131358,16
10131359,16
10131360,16
10131361,16
10131362,16
10131363,16
10131364,16
10131365,16
10131366,16
10131367,16
10131368,16
10131369,16
10131370,16
10131371,16
10131372,16
10131373,16
10131374,16
10131375,16
10131376,16
10131377,16
10131378,16
10131379,16
10131380,16
10131381,16
10131382,16
10131383,16
10131384,16
10131385,16
10131386,16
10131387,16
10131388,16
10131389,16
10131390,16
10131391,16
10131392,16
10131393,16
10131394,16
10131395,16
10131396,16
10131397,16
10131398,16
10131399,16
10131400,16
10131401,16
10131402,16
10131403,16
10131404,16
10131405,16
10131406,16
10131407,16
10131408,16
10131409,16
10131410,16
10131411,16
10131412,16
10131413,16
10131414,16
10131415,16
10131416,16
10131417,16
10131418,16
10131419,16
10131420,16
10131421,16
10131422,16
10131423,16
10131424,16
10131425,16
10131426,16
10131427,16
10131428,16
10131429,16
10131430,16
10131431,16
10131432,16
10131433,16
10131434,16
10131435,16
10131436,16
10131437,16
10131438,16
10131439,16
10131440,16
10131441,16
10131442,16
10131443,16
10131444,16
10131445,16
10131446,16
10131447,16
10131448,16
10131449,16
10131450,16
10131451,16
10131452,16
10131453,16
10131454,16
10131455,16
10131456,16
10131457,16
10131458,16
10131459,16
10131460,16
10131461,16
10131462,16
10131463,16
10131464,16
10131465,16
10131466,16
10131467,16
10131468,16
10131469,16
10131470,16
10131471,16
10131472,16
10131473,16
10131474,16
10131475,16
10131476,16
10131477,16
10131478,16
10131479,16
10131480,16
10131481,16
10131482,16
10131483,16
10131484,16
10131485,16
10131486,16
10131487,16
10131488,16
10131489,16
10131490,16
10131491,16
10131492,16
10131493,16
10131494,16
10131495,16
10131496,16
10131497,16
10131497,16
10131498,16
10131499,16
10131500,16
10131501,16
10131502,16
10131503,16
10131504,16
10131505,16
10131506,16
10131507,16
10131508,16
10131509,16
10131510,16
10131511,16
10131512,16
10131513,16
10131514,16
10131515,16
10131516,16
10131517,16
10131518,16
10131519,16
10131520,16
10131521,16
10131521,16
10131522,16
10131523,16
10131524,16
10131525,16
10131526,16
10131527,16
10131528,16
10131529,16
10131530,16
10131531,16
10131532,16
10131533,16
10131534,16
10131535,16
10131536,16
10131537,16
10131538,16
10131539,16
10131540,16
10131541,16
10131542,16
10131543,16
10131544,16
10131545,16
10131546,16
10131547,16
10131548,16
10131549,16
10131550,16
10131551,16
10131552,16
10131553,16
10131554,16
10131555,16
10131556,16
10131557,16
10131558,16
10131559,16
10131560,16
10131561,16
10131562,16
10131563,16
10131564,16
10131565,16
10131566,16
10131567,16
10131568,16
10131569,16
10131570,16
10131571,16
10131572,16
10131573,16
10131574,16
10131575,16
10131576,16
10131577,16
10131578,16
10131579,16
10131580,16
10131581,16
10131582,16
10131583,16
10131584,16
10131585,16
10131586,16
10131587,16
10131588,16
10131589,16
10131590,16
10131591,16
10131592,16
10131593,16
10131594,16
10131595,16
10131596,16
10131597,16
10131598,16
10131599,16
10131600,16
10131601,16
10131602,16
10131603,16
10131604,16
10131605,16
10131606,16
10131607,16
10131608,16
10131609,16
10131610,16
10131611,16
10131612,16
10131613,16
10131614,16
10131615,16
10131616,16
10131617,16
10131618,16
10131619,16
10131620,16
10131621,16
10131622,16
10131623,16
10131624,16
10131625,16
10131626,16
10131627,16
10131628,16
10131629,16
10131630,16
10131631,16
10131632,16
10131633,16
10131634,16
10131635,16
10131636,16
10131637,16
10131638,16
10131639,16
10131640,16
10131641,16
10131642,16
10131643,16
10131644,16
10131645,16
10131646,16
10131647,16
10131648,16
10131649,16
10131650,16
10131651,16
10131652,16
10131653,16
10131654,16
10131655,16
10131656,16
10131657,16
10131658,16
10131659,16
10131660,16
10131661,16
10131662,16
10131663,16
10131664,16
10131665,16
10131666,16
10131667,16
10131668,16
10131669,16
10131670,16
10131671,16
10131672,16
10131673,16
10131674,16
10131675,16
10131676,16
10131677,16
10131678,16
10131679,16
10131680,16
10131681,16
10131682,16
10131683,16
10131684,16
10131685,16
10131686,16
10131687,16
10131688,16
10131689,16
10131690,16
10131691,16
10131692,16
10131693,16
10131694,16
10131695,16
10131696,16
10131697,16
10131698,16
10131699,16
10131700,16
10131701,16
10131702,16
10131703,16
10131704,16
10131705,16
10131706,16
10131707,16
10131708,16
10131709,16
10131710,16
10131711,16
10131712,16
10131713,16
10131714,16
10131715,16
10131716,16
10131717,16
10131718,16
10131719,16
10131720,16
10131721,16
10131722,16
10131723,16
10131724,16
10131725,16
10131726,16
10131727,16
10131728,16
10131729,16
10131730,16
10131731,16
10131732,16
10131733,16
10131734,16
10131735,16
10131738,16
10131739,16
10131741,16
10131742,16
10131743,16
10131744,16
10131745,16
10131746,16
10131747,16
10131748,16
10131749,16
10131750,16
10131751,16
10131752,16
10131753,16
10131754,16
10131755,16
10131756,16
10131757,16
10131758,16
10131759,16
10131760,16
10131761,16
10131762,16
10131763,16
10131764,16
10131765,16
10131766,16
10131767,16
10131768,16
10131769,16
10131770,16
10131771,16
10131772,16
10131773,16
10131774,16
10131775,16
10131776,16
10131777,16
10131778,16
10131779,16
10131780,16
10131781,16
10131782,16
10131783,16
10131784,16
10131785,16
10131786,16
10131787,16
10131788,16
10131789,16
10131790,16
10131791,16
10131792,16
10131793,16
10131794,16
10131795,16
10131796,16
10131797,16
10131798,16
10131799,16
10131800,16
10131801,16
10131817,16
10131818,16
10131819,16
10131820,16
10131821,16
10131822,16
10131823,16
10131824,16
10131825,16
10131826,16
10131827,16
10131828,16
10131829,16
10131830,16
10131831,16
10131832,16
10131833,16
10131834,16
10131835,16
10131836,16
10131837,16
10131838,16
10131839,16
10131840,16
10131841,16
10131842,16
10131843,16
10131844,16
10131845,16
10131846,16
10131847,16
10131848,16
10131849,16
10131850,16
10131851,16
10131852,16
10131853,16
10131854,16
10131855,16
10131856,16
10131857,16
10131858,16
10131859,16
10131860,16
10131861,16
10131862,16
10131863,16
10131864,16
10131865,16
10131866,16
10131867,16
10131868,16
10131869,16
10131870,16
10131871,16
10131872,16
10131873,16
10131874,16
10131875,16
10131876,16
10131877,16
10131878,16
10131879,16
10131880,16
10131881,16
10131882,16
10131883,16
10131884,16
10131885,16
10131886,16
10131887,16
10131888,16
10131889,16
10131890,16
10131891,16
10131892,16
10131893,16
10131894,16
10131895,16
10131896,16
10136671,16
10136672,16
10136673,16
10136674,16
10136675,16
10136676,16
10136677,16
10136678,16
10136679,16
10136680,16
10136681,16
10136682,16
10136683,16
10136684,16
10136685,16
10136686,16
10136687,16
10136688,16
10136689,16
10136690,16
10136691,16
10136692,16
10136693,16
10136694,16
10136695,16
10136696,16
10136697,16
10136698,16
10136699,16
10136700,16
10136701,16
10136702,16
10136703,16
10136704,16
10136705,16
10136706,16
10136707,16
10136708,16
10136709,16
10136710,16
10136711,16
10136712,16
10136713,16
10136714,16
10136715,16
10136716,16
10136717,16
10136718,16
10136719,16
10136720,16
10136721,16
10136722,16
10136723,16
10136724,16
10136725,16
10136726,16
10136727,16
10136728,16
10136729,16
10136730,16
10136731,16
10136732,16
10136733,16
10136734,16
10136735,16
10136736,16
10136737,16
10136738,16
10136739,16
10136740,16
10136741,16
10136742,16
10136743,16
10136744,16
10136745,16
10136746,16
10136747,16
10136748,16
10136749,16
10136750,16
10136751,16
10136752,16
10136753,16
10136754,16
10136755,16
10136756,16
10136757,16
10136758,16
10136759,16
10136760,16
10136761,16
10136762,16
10136763,16
10136764,16
10136765,16
10136766,16
10136767,16
10136768,16
10136769,16
10136770,16
10136771,16
10136772,16
10136773,16
10136774,16
10136775,16
10136776,16
10136777,16
10136778,16
10136779,16
10136780,16
10136781,16
10136782,16
10136783,16
10136784,16
10136785,16
10136786,16
10136787,16
10136788,16
10136789,16
10136790,16
10136791,16
10136792,16
10136793,16
10136794,16
10136795,16
10136796,16
10136797,16
10136798,16
10136799,16
10136800,16
10136801,16
10136802,16
10136803,16
10136804,16
10136805,16
10136806,16
10136807,16
10136808,16
10136809,16
10136810,16
10136811,16
10136812,16
10136813,16
10136814,16
10136815,16
10136816,16
10136817,16
10136818,16
10136819,16
10136820,16
10136821,16
10136822,16
10136823,16
10136824,16
10136825,16
10136826,16
10136827,16
10136828,16
10136829,16
10136830,16
10136831,16
10136832,16
10136833,16
10136834,16
10136835,16
10136836,16
10136837,16
10136871,16
10136872,16
10136873,16
10136874,16
10136875,16
10136876,16
10136877,16
10136878,16
10136879,16
10136880,16
10136881,16
10136882,16
10136883,16
10136884,16
10136885,16
10136886,16
10136887,16
10136888,16
10136889,16
10136890,16
10136891,16
10136892,16
10136893,16
10136894,16
10136895,16
10136896,16
10136897,16
10136898,16
10136899,16
10136900,16
10136901,16
10136902,16
10136903,16
10136904,16
10136905,16
10136906,16
10136907,16
10136908,16
10136909,16
10136910,16
10136911,16
10136912,16
10136913,16
10136914,16
10136915,16
10136916,16
10136917,16
10136918,16
10136919,16
10136920,16
10136921,16
10136922,16
10136923,16
10136924,16
10136925,16
10136926,16
10136927,16
10136928,16
10136929,16
10136930,16
10136931,16
10136932,16
10136933,16
10136934,16
10136935,16
10136936,16
10136937,16
10136938,16
10136939,16
10136940,16
10136941,16
10136942,16
10136943,16
10136944,16
10136945,16
10136946,16
10136947,16
10136948,16
10136949,16
10136950,16
10136951,16
10136952,16
10136953,16
10136954,16
10136955,16
10136956,16
10136957,16
10136958,16
10136959,16
10136960,16
10136961,16
10136962,16
10136963,16
10136964,16
10136965,16
10136966,16
10136967,16
10136968,16
10136969,16
10136970,16
10136971,16
10136972,16
10136973,16
10136974,16
10136975,16
10136976,16
10136977,16
10136978,16
10136979,16
10136980,16
10136981,16
10136982,16
10136983,16
10136984,16
10136985,16
10136986,16
10136987,16
10136988,16
10136989,16
10136990,16
10136991,16
10136992,16
10136993,16
10136994,16
10136995,16
10136996,16
10136997,16
10136998,16
10136999,16
10137000,16
10137001,16
10137002,16
10137003,16
10137004,16
10137005,16
10137006,16
10137007,16
10137008,16
10137009,16
10137010,16
10137011,16
10137012,16
10137013,16
10137014,16
10137015,16
10137016,16
10137017,16
10137018,16
10137019,16
10137020,16
10137021,16
10137022,16
10137023,16
10137024,16
10137025,16
10137026,16
10137027,16
10137044,16
10137045,16
10137046,16
10137047,16
10137048,16
10137049,16
10137050,16
10137051,16
10137052,16
10137053,16
10137054,16
10137055,16
10137056,16
10137057,16
10137058,16
10137059,16
10137060,16
10137061,16
10137062,16
10137063,16
10137064,16
10137065,16
10137066,16
10137067,16
10137068,16
10137069,16
10137070,16
10137071,16
10137072,16
10137073,16
10137074,16
10137075,16
10137076,16
10137077,16
10137078,16
10137079,16
10137080,16
10137081,16
10137082,16
10137083,16
10137084,16
10137085,16
10137086,16
10137087,16
10137088,16
10137089,16
10137090,16
10137091,16
10137092,16
10137093,16
10137094,16
10137095,16
10137096,16
10137097,16
10137098,16
10137099,16
10137100,16
10137101,16
10137102,16
10137103,16
10137104,16
10137105,16
10137106,16
10137107,16
10137108,16
10137109,16
10137110,16
10137111,16
10137112,16
10137113,16
10137114,16
10137115,16
10137116,16
10137117,16
10137118,16
10137119,16
10137120,16
10137121,16
10137122,16
10137123,16
10137124,16
10137125,16
10137126,16
10137127,16
10137128,16
10137129,16
10137130,16
10137131,16
10137132,16
10137133,16
10137134,16
10137135,16
10137136,16
10137137,16
10137138,16
10137139,16
10137140,16
10137141,16
10137142,16
10137143,16
10137144,16
10137145,16
10137146,16
10137147,16
10137148,16
10137149,16
10137150,16
10137151,16
10137152,16
10137153,16
10137154,16
10137155,16
10137156,16
10137157,16
10137158,16
10137159,16
10137160,16
10137161,16
10137162,16
10137163,16
10137164,16
10137165,16
10137166,16
10137167,16
10137168,16
10137169,16
10137170,16
10137171,16
10137172,16
10137173,16
10137174,16
10137175,16
10137176,16
10137177,16
10137178,16
10137179,16
10137180,16
10137181,16
10137182,16
10137183,16
10137184,16
10137185,16
10137186,16
10137187,16
10137188,16
10137189,16
10137190,16
10137191,16
10137192,16
10137193,16
10137194,16
10137195,16
10137196,16
10137197,16
10137198,16
10137199,16
10137200,16
10137201,16
10137202,16
10137203,16
10137204,16
10137205,16
10137206,16
10137207,16
10137208,16
10137209,16
10137210,16
10137211,16
10137212,16
10137213,16
10137214,16
10137215,16
10137216,16
10137217,16
10137218,16
10137219,16
10137220,16
10137221,16
10137222,16
10137223,16
10137224,16
10137225,16
10137226,16
10137227,16
10137228,16
10137229,16
10137230,16
10137231,16
10137232,16
10137233,16
10137234,16
10137235,16
10137236,16
10137255,16
10137256,16
10137257,16
10137258,16
10137259,16
10137260,16
10137261,16
10137262,16
10137263,16
10137264,16
10137265,16
10137266,16
10137267,16
10137268,16
10137269,16
10137270,16
10137271,16
10137272,16
10137273,16
10137274,16
10137275,16
10137276,16
10137277,16
10137278,16
10137279,16
10137280,16
10137281,16
10137282,16
10137283,16
10137284,16
10137285,16
10137286,16
10137287,16
10137288,16
10137289,16
10137290,16
10137291,16
10137292,16
10137293,16
10137294,16
10137295,16
10137296,16
10137297,16
10137298,16
10137299,16
10137300,16
10137301,16
10137302,16
10137303,16
10137304,16
10137305,16
10137306,16
10137307,16
10137308,16
10137309,16
10137310,16
10137311,16
10137312,16
10137313,16
10137314,16
10137315,16
10137316,16
10137317,16
10137318,16
10137319,16
10137320,16
10137321,16
10137322,16
10137323,16
10137324,16
10137325,16
10137326,16
10137327,16
10137328,16
10137329,16
10137330,16
10137331,16
10137332,16
10137333,16
10137334,16
10137335,16
10137336,16
10137337,16
10137338,16
10137339,16
10137340,16
10137341,16
10137342,16
10137343,16
10137344,16
10137345,16
10137346,16
10137347,16
10137348,16
10137349,16
10137350,16
10137351,16
10137352,16
10137353,16
10137354,16
10137355,16
10137356,16
10137357,16
10137358,16
10137359,16
10137360,16
10137361,16
10137362,16
10137363,16
10137364,16
10137365,16
10137366,16
10137367,16
10137368,16
10137369,16
10137370,16
10137371,16
10137372,16
10137373,16
10137374,16
10137375,16
10137376,16
10137377,16
10137378,16
10137379,16
10137380,16
10137381,16
10137382,16
10137383,16
10137384,16
10137385,16
10137386,16
10137387,16
10137388,16
10137389,16
10137390,16
10137391,16
10137392,16
10137393,16
10137394,16
10137395,16
10137396,16
10137397,16
10137398,16
10137399,16
10137400,16
10137401,16
10137402,16
10137403,16
10137404,16
10137405,16
10137406,16
10137407,16
10137408,16
10137409,16
10137410,16
10137411,16
10137412,16
10137413,16
10137414,16
10137415,16
10137416,16
10137417,16
10137418,16
10137419,16
10137420,16
10137421,16
10137422,16
10137423,16
10137424,16
10137425,16
10137426,16
10137427,16
10137428,16
10137429,16
10137430,16
10137431,16
10137432,16
10137433,16
10137434,16
10137435,16
10137436,16
10137437,16
10137438,16
10137439,16
10137440,16
10137441,16
10137442,16
10137443,16
10137444,16
10137445,16
10137446,16
10137447,16
10137448,16
10137449,16
10137450,16
10137451,16
10137452,16
10137453,16
10137454,16
10137455,16
10137456,16
10137457,16
10137458,16
10137459,16
10137460,16
10137461,16
10137462,16
10137463,16
10137464,16
10137465,16
10137466,16
10137467,16
10137468,16
10137469,16
10137470,16
10137471,16
10137472,16
10137473,16
10137474,16
10137475,16
10137476,16
10137477,16
10137478,16
10137479,16
10137480,16
10137481,16
10137482,16
10137483,16
10137484,16
10137485,16
10137486,16
10137487,16
10137488,16
10137489,16
10137490,16
10137491,16
10137492,16
10137493,16
10137494,16
10137495,16
10137496,16
10137497,16
10137498,16
10137499,16
10137500,16
10137501,16
10137502,16
10137503,16
10137504,16
10137505,16
10137506,16
10137507,16
10137508,16
10137509,16
10137510,16
10137511,16
10137512,16
10137513,16
10137514,16
10137515,16
10137516,16
10137517,16
10137518,16
10137519,16
10137520,16
10137521,16
10137522,16
10137523,16
10137524,16
10137525,16
10137526,16
10137527,16
10137528,16
10137529,16
10137530,16
10137531,16
10137532,16
10137533,16
10137534,16
10137535,16
10137536,16
10137537,16
10137538,16
10137539,16
10137540,16
10137541,16
10137542,16
10137543,16
10137544,16
10137545,16
10137546,16
10137547,16
10137548,16
10137549,16
10137550,16
10137551,16
10137552,16
10137553,16
10137554,16
10137555,16
10137556,16
10137557,16
10137558,16
10137559,16
10137560,16
10137561,16
10137562,16
10137563,16
10137564,16
10137565,16
10137566,16
10137567,16
10137568,16
10137569,16
10137570,16
10137571,16
10137572,16
10137573,16
10137574,16
10137575,16
10137576,16
10137577,16
10137578,16
10137579,16
10137580,16
10137581,16
10137582,16
10137583,16
10137584,16
10137585,16
10137586,16
10137587,16
10137588,16
10137589,16
10137590,16
10137591,16
10137592,16
10137593,16
10137594,16
10137595,16
10137596,16
10137597,16
10137598,16
10137599,16
10137600,16
10137601,16
10137602,16
10137603,16
10137604,16
10137605,16
10137606,16
10137607,16
10137608,16
10137609,16
10137610,16
10137611,16
10137612,16
10137613,16
10137614,16
10137615,16
10137616,16
10137617,16
10137618,16
10137619,16
10137620,16
10137621,16
10137622,16
10137623,16
10137624,16
10137625,16
10137626,16
10137627,16
10137628,16
10137629,16
10137630,16
10137631,16
10137632,16
10137633,16
10137634,16
10137635,16
10137636,16
10137637,16
10137638,16
10137639,16
10137640,16
10137641,16
10137642,16
10137643,16
10137644,16
10137645,16
10137646,16
10137647,16
10137648,16
10137649,16
10137650,16
10137651,16
10137652,16
10137653,16
10137654,16
10137655,16
10137656,16
10137657,16
10137658,16
10137659,16
10137660,16
10137661,16
10137662,16
10137663,16
10137664,16
10137665,16
10137666,16
10137667,16
10137668,16
10137669,16
10137670,16
10137671,16
10137672,16
10137673,16
10137674,16
10137675,16
10137676,16
10137677,16
10137678,16
10137679,16
10137680,16
10137681,16
10137682,16
10137683,16
10137684,16
10137685,16
10137686,16
10137687,16
10137688,16
10137689,16
10137690,16
10137691,16
10137692,16
10137693,16
10137694,16
10137695,16
10137696,16
10137697,16
10137698,16
10137699,16
10137700,16
10137701,16
10137702,16
10137703,16
10137704,16
10137705,16
10137706,16
10137707,16
10137708,16
10137709,16
10137710,16
10137711,16
10137712,16
10137713,16
10137714,16
10137715,16
10137716,16
10137717,16
10137718,16
10137719,16
10137720,16
10137721,16
10137722,16
10137723,16
10137724,16
10137725,16
10137726,16
10137727,16
10137728,16
10137729,16
10137730,16
10137731,16
10137732,16
10137733,16
10137734,16
10137735,16
10137736,16
10137737,16
10137738,16
10137739,16
10137740,16
10137741,16
10137742,16
10137743,16
10137744,16
10137745,16
10137746,16
10137747,16
10137748,16
10137749,16
10137750,16
10137751,16
10137752,16
10137753,16
10137754,16
10137755,16
10137756,16
10137757,16
10137758,16
10137759,16
10137760,16
10137761,16
10137762,16
10137763,16
10137764,16
10137765,16
10137766,16
10137767,16
10137768,16
10137769,16
10137770,16
10137771,16
10137772,16
10137773,16
10137774,16
10137775,16
10137776,16
10137777,16
10137778,16
10137779,16
10137780,16
10137781,16
10137782,16
10137783,16
10137784,16
10137785,16
10137786,16
10137787,16
10137788,16
10137789,16
10137790,16
10137791,16
10137792,16
10137793,16
10137794,16
10137795,16
10137796,16
10137797,16
10137798,16
10137799,16
10137800,16
10137801,16
10137802,16
10137803,16
10137804,16
10137805,16
10137806,16
10137807,16
10137808,16
10137809,16
10137810,16
10137811,16
10137812,16
10137813,16
10137814,16
10137815,16
10137816,16
10137817,16
10137818,16
10137819,16
10137820,16
10137821,16
10137822,16
10137823,16
10137824,16
10137825,16
10137826,16
10137827,16
10137828,16
10137829,16
10137830,16
10137831,16
10137832,16
10137833,16
10137834,16
10137835,16
10137836,16
10137837,16
10137838,16
10137839,16
10137840,16
10137841,16
10137842,16
10137843,16
10137844,16
10137845,16
10137846,16
10137847,16
10137848,16
10137849,16
10137850,16
10137851,16
10137852,16
10137853,16
10137854,16
10137855,16
10137856,16
10137857,16
10137858,16
10137859,16
10137860,16
10137861,16
10137862,16
10137863,16
10137864,16
10137865,16
10137866,16
10137867,16
10137868,16
10137869,16
10137870,16
10137871,16
10137872,16
10137873,16
10137874,16
10137875,16
10137876,16
10137877,16
10137878,16
10137879,16
10137880,16
10137881,16
10137882,16
10137883,16
10137884,16
10137885,16
10137886,16
10137887,16
10137888,16
10137889,16
10137890,16
10137891,16
10137892,16
10137893,16
10137894,16
10137895,16
10137896,16
10137897,16
10137900,16
10137901,16
10137902,16
10137903,16
10137904,16
10137905,16
10137906,16
10137907,16
10137908,16
10137909,16
10137910,16
10137911,16
10137912,16
10137913,16
10137914,16
10137915,16
10137916,16
10137917,16
10137918,16
10137919,16
10137920,16
10137921,16
10137922,16
10137923,16
10137924,16
10137925,16
10137926,16
10137927,16
10137928,16
10137929,16
10137930,16
10137931,16
10137932,16
10137933,16
10137934,16
10137935,16
10137936,16
10137937,16
10137938,16
10137939,16
10137940,16
10137941,16
10137942,16
10137943,16
10137944,16
10137945,16
10137946,16
10137947,16
10137948,16
10137949,16
10137950,16
10137951,16
10137952,16
10137953,16
10137954,16
10137955,16
10137956,16
10137957,16
10137958,16
10137959,16
10137960,16
10137961,16
10137962,16
10137963,16
10137964,16
10137965,16
10137966,16
10137967,16
10137968,16
10137969,16
10137970,16
10137971,16
10137972,16
10137973,16
10137974,16
10137975,16
10137976,16
10137977,16
10137978,16
10137979,16
10137980,16
10137981,16
10137982,16
10137983,16
10137984,16
10137985,16
10137986,16
10137987,16
10137988,16
10137989,16
10137990,16
10137991,16
10137992,16
10137993,16
10137994,16
10137995,16
10137996,16
10137997,16
10137998,16
10137999,16
10138000,16
10138001,16
10138002,16
10138003,16
10138004,16
10138005,16
10138006,16
10138007,16
10138008,16
10138009,16
10138010,16
10138011,16
10138012,16
10138013,16
10138014,16
10138015,16
10138016,16
10138017,16
10138018,16
10138019,16
10138020,16
10138021,16
10138022,16
10138023,16
10138024,16
10138025,16
10138026,16
10138027,16
10138028,16
10138029,16
10138030,16
10138031,16
10138032,16
10138033,16
10138034,16
10138035,16
10138036,16
10138037,16
10138038,16
10138039,16
10138040,16
10138041,16
10138042,16
10138043,16
10138044,16
10138045,16
10138046,16
10138047,16
10138048,16
10138049,16
10138050,16
10138051,16
10138052,16
10138053,16
10138054,16
10138055,16
10138056,16
10138057,16
10138058,16
10138059,16
10138060,16
10138061,16
10138062,16
10138063,16
10138064,16
10138065,16
10138066,16
10138067,16
10138068,16
10138069,16
10138070,16
10138071,16
10138072,16
10138073,16
10138074,16
10138075,16
10138076,16
10138077,16
10138078,16
10138079,16
10138080,16
10138081,16
10138082,16
10138083,16
10138084,16
10138085,16
10138086,16
10138087,16
10138088,16
10138089,16
10138090,16
10138091,16
10138092,16
10138093,16
10138094,16
10138095,16
10138096,16
10138097,16
10138098,16
10138099,16
10138100,16
10138101,16
10138102,16
10138103,16
10138104,16
10138105,16
10138106,16
10138107,16
10138108,16
10138109,16
10138110,16
10138111,16
10138112,16
10138113,16
10138114,16
10138115,16
10138116,16
10138117,16
10138118,16
10138119,16
10138120,16
10138121,16
10138122,16
10138123,16
10138124,16
10138125,16
10138126,16
10138127,16
10138128,16
10138129,16
10138130,16
10138131,16
10138132,16
10138133,16
10138134,16
10138135,16
10138136,16
10138137,16
10138138,16
10138139,16
10138140,16
10138141,16
10138142,16
10138143,16
10138144,16
10138145,16
10138146,16
10138147,16
10138148,16
10138149,16
10138150,16
10138151,16
10138152,16
10138153,16
10138154,16
10138155,16
10138156,16
10138157,16
10138158,16
10138159,16
10138160,16
10138161,16
10138162,16
10138163,16
10138164,16
10138165,16
10138166,16
10138167,16
10138168,16
10138169,16
10138170,16
10138171,16
10138172,16
10138173,16
10138174,16
10138175,16
10138176,16
10138177,16
10138178,16
10138179,16
10138180,16
10138181,16
10138182,16
10138183,16
10138184,16
10138185,16
10138186,16
10138187,16
10138188,16
10138189,16
10138190,16
10138191,16
10138192,16
10138193,16
10138194,16
10138195,16
10138196,16
10138197,16
10138198,16
10138199,16
10138200,16
10138201,16
10138202,16
10138203,16
10138204,16
10138205,16
10138206,16
10138207,16
10138208,16
10138209,16
10138210,16
10138211,16
10138212,16
10138213,16
10138214,16
10138215,16
10138216,16
10138217,16
10138218,16
10138219,16
10138220,16
10138221,16
10138222,16
10138223,16
10138224,16
10138225,16
10138226,16
10138227,16
10138228,16
10138229,16
10138230,16
10138231,16
10138232,16
10138233,16
10138234,16
10138235,16
10138236,16
10138237,16
10138238,16
10138239,16
10138240,16
10138241,16
10138242,16
10138243,16
10138244,16
10138245,16
10138246,16
10138247,16
10138248,16
10138249,16
10138250,16
10141000,8
10141001,8
10141002,8
10141003,8
10141004,8
10141005,8
10141006,8
10141007,8
10141008,8
10141009,8
10141010,8
10141011,8
10141012,8
10141013,8
10141014,8
10141015,8
10141016,8
10141017,8
10141018,8
10141019,8
10141020,8
10141041,8
10141042,8
10141043,8
10141044,8
10141045,8
10141046,8
10141047,8
10141048,8
10141049,8
10141052,8
10141053,8
10141054,8
10141055,8
10141056,8
10141057,8
10141058,8
10141059,8
10141060,8
10141061,8
10141062,8
10141063,8
10141064,8
10141065,8
10141066,8
10141067,8
10141068,8
10141069,8
10141070,8
10141071,8
10141072,8
10141073,8
10141074,8
10141075,8
10141076,8
10141077,8
10141078,8
10141079,8
10141080,8
10141081,8
10141082,8
10141083,8
10141084,8
10141085,8
10141086,8
10141087,8
10141088,8
10141089,8
10141090,8
10141091,8
10141092,8
10141093,8
10141094,8
10141095,8
10141102,8
10141103,8
10141104,8
10141105,8
10141106,8
10141107,8
10141108,8
10141109,8
10141110,8
10141111,8
10141112,8
10141113,8
10141114,8
10141115,8
10141116,8
10141117,8
10141118,8
10141119,8
10141120,8
10141121,8
10141122,8
10141123,8
10141124,8
10141125,8
10141126,8
10141127,8
10141128,8
10141129,8
10141130,8
10141131,8
10141132,8
10141133,8
10141134,8
10141135,8
10141136,8
10141137,8
10141138,8
10141139,8
10141140,8
10141141,8
10141142,8
10141143,8
10141144,8
10141145,8
10141146,8
10141147,8
10141148,8
10141149,8
10141151,8
10141152,8
10141153,8
10141154,8
10141155,8
10141156,8
10141157,8
10141158,8
10141159,8
10141160,8
10141161,8
10141162,8
10141163,8
10141164,8
10141165,8
10141166,8
10141167,8
10141168,8
10141169,8
10141170,8
10141171,8
10141172,8
10141173,8
10141174,8
10141175,8
10141176,8
10141177,8
10141178,8
10141179,8
10141180,8
10141181,8
10141182,8
10141183,8
10141184,8
10141185,8
10141186,8
10141187,8
10141188,8
10141189,8
10141190,8
10141191,8
10141192,8
10141193,8
10141194,8
10141195,8
10141196,8
10141197,8
10141198,8
10141199,8
10141200,8
10141201,8
10141202,8
10141203,8
10141204,8
10141205,8
10141206,8
10141207,8
10141208,8
10141209,8
10141210,8
10141211,8
10141212,8
10141213,8
10141214,8
10141215,8
10141216,8
10141217,8
10141218,8
10141219,8
10141220,8
10141221,8
10141222,8
10141223,8
10141224,8
10141225,8
10141226,8
10141227,8
10141228,8
10141229,8
10141230,8
10141231,8
10141232,8
10141233,8
10141234,8
10141235,8
10141236,8
10141237,8
10141238,8
10141239,8
10141240,8
10141241,8
10141242,8
10141243,8
10141244,8
10141245,8
10141246,8
10141247,8
10141248,8
10141249,8
10141250,8
10141251,8
10141252,8
10141253,8
10141254,8
10141255,8
10141256,8
10141257,8
10141258,8
10141259,8
10141260,8
10141261,8
10141262,8
10141263,8
10141264,8
10141265,8
10141266,8
10141267,8
10141268,8
10141269,8
10141270,8
10141271,8
10141272,8
10141273,8
10141274,8
10141275,8
10141276,8
10141277,8
10141278,8
10141279,8
10141280,8
10141281,8
10141282,8
10141283,8
10141284,8
10141285,8
10141286,8
10141287,8
10141288,8
10141289,8
10141290,8
10141291,8
10141292,8
10141293,8
10141294,8
10141295,8
10141296,8
10141297,8
10141298,8
10141299,8
10141300,8
10141301,8
10141302,8
10141303,8
10141304,8
10141305,8
10141306,8
10141307,8
10141308,8
10141309,8
10141310,8
10141311,8
10141312,8
10141313,8
10141314,8
10141315,8
10141316,8
10141317,8
10141318,8
10141319,8
10141320,8
10141321,8
10141322,8
10141323,8
10141324,8
10141325,8
10141326,8
10141327,8
10141328,8
10141329,8
10141330,8
10141331,8
10141332,8
10141333,8
10141334,8
10141335,8
10141336,8
10141337,8
10141338,8
10141339,8
10141340,8
10141341,8
10141342,8
10141343,8
10141344,8
10141345,8
10141346,8
10141347,8
10141348,8
10141349,8
10141350,8
10141351,8
10141352,8
10141353,8
10141354,8
10141357,8
10141358,8
10141359,8
10141360,8
10141361,8
10141362,8
10141363,8
10141364,8
10141365,8
10141366,8
10141367,8
10141368,8
10141369,8
10141370,8
10141371,8
10141372,8
10141373,8
10141374,8
10141375,8
10141376,8
10141377,8
10141378,8
10141379,8
10141380,8
10141381,8
10141382,8
10141383,8
10141384,8
10141385,8
10141386,8
10141388,8
10141389,8
10141390,8
10141391,8
10141392,8
10141393,8
10141394,8
10141395,8
10141396,8
10141397,8
10141398,8
10141399,8
10141400,8
10141401,8
10141402,8
10141403,8
10141404,8
10141405,8
10141406,8
10141407,8
10141408,8
10141409,8
10141410,8
10141411,8
10141412,8
10141413,8
10141414,8
10141415,8
10141416,8
10141417,8
10141418,8
10141419,8
10141420,8
10141421,8
10141422,8
10141423,8
10141424,8
10141425,8
10141426,8
10141427,8
10141428,8
10141429,8
10141430,8
10141431,8
10141432,8
10141433,8
10141434,8
10141435,8
10141436,8
10141437,8
10141438,8
10141439,8
10141440,8
10141441,8
10141442,8
10141443,8
10141444,8
10141445,8
10141446,8
10141447,8
10141448,8
10141449,8
10141450,8
10141451,8
10141452,8
10141453,8
10141454,8
10141455,8
10141456,8
10141457,8
10141458,8
10141459,8
10141460,8
10141461,8
10141462,8
10141463,8
10141464,8
10141465,8
10141466,8
10141467,8
10141468,8
10141469,8
10141470,8
10141471,8
10141472,8
10141473,8
10141474,8
10141475,8
10141476,8
10141477,8
10141478,8
10141479,8
10141480,8
10141481,8
10141482,8
10141483,8
10141484,8
10141485,8
10141486,8
10141487,8
10141488,8
10141489,8
10141490,8
10141491,8
10141492,8
10141493,8
10141494,8
10141495,8
10141496,8
10141497,8
10141498,8
10141499,8
10141500,8
10141501,8
10141502,8
10141503,8
10141504,8
10141505,8
10141506,8
10141507,8
10141508,8
10141509,8
10141510,8
10141511,8
10141517,8
10141518,8
10141519,8
10141520,8
10141521,8
10141522,8
10141523,8
10141524,8
10141525,8
10141526,8
10141527,8
10141528,8
10141529,8
10141530,8
10141531,8
10141532,8
10141533,8
10141534,8
10141535,8
10141536,8
10141537,8
10141538,8
10141539,8
10141540,8
10141541,8
10141542,8
10141543,8
10141544,8
10141545,8
10141546,8
10141547,8
10141548,8
10141549,8
10141550,8
10141551,8
10141552,8
10141553,8
10141554,8
10141555,8
10141556,8
10141557,8
10141558,8
10141559,8
10141560,8
10141561,8
10141562,8
10141563,8
10141564,8
10141565,8
10141566,8
10141567,8
10141568,8
10141569,8
10141570,8
10141571,8
10141572,8
10141573,8
10141574,8
10141580,8
10141581,8
10141582,8
10141583,8
10141584,8
10141585,8
10141588,8
10141589,8
10141590,8
10141591,8
10141592,8
10141593,8
10141594,8
10141595,8
10141596,8
10141597,8
10141598,8
10141599,8
10141600,8
10141601,8
10141602,8
10141603,8
10141604,8
10141605,8
10141606,8
10141607,8
10141608,8
10141609,8
10141610,8
10141611,8
10141612,8
10141613,8
10141614,8
10141615,8
10141616,8
10141617,8
10141618,8
10141619,8
10141620,8
10141621,8
10141622,8
10141623,8
10141624,8
10141625,8
10141626,8
10141627,8
10141628,8
10141629,8
10141630,8
10141631,8
10141632,8
10141633,8
10141634,8
10141635,8
10141636,8
10141637,8
10141638,8
10141639,8
10141640,8
10141641,8
10141642,8
10141643,8
10141644,8
10141645,8
10141646,8
10141647,8
10141648,8
10141649,8
10141650,8
10141651,8
10141652,8
10141653,8
10141654,8
10141655,8
10141656,8
10141657,8
10141658,8
10141659,8
10141660,8
10141661,8
10141662,8
10141663,8
10141664,8
10141665,8
10141666,8
10141667,8
10141668,8
10141669,8
10141670,8
10141671,8
10141672,8
10141673,8
10141674,8
10141675,8
10141676,8
10141677,8
10141678,8
10141679,8
10141680,8
10141681,8
10141682,8
10141683,8
10141684,8
10141685,8
10141686,8
10141687,8
10141688,8
10141689,8
10141690,8
10141691,8
10141692,8
10141693,8
10141694,8
10141695,8
10141696,8
10141697,8
10141698,8
10141699,8
10141700,8
10141701,8
10141702,8
10141703,8
10141704,8
10141705,8
10141706,8
10141707,8
10141708,8
10141709,8
10141710,8
10141711,8
10141712,8
10141713,8
10141714,8
10141715,8
10141716,8
10141717,8
10141718,8
10141719,8
10141720,8
10141721,8
10141722,8
10141723,8
10141724,8
10141725,8
10141726,8
10141727,8
10141728,8
10141729,8
10141730,8
10141731,8
10141732,8
10141733,8
10141734,8
10141735,8
10141736,8
10141737,8
10141738,8
10141739,8
10141740,8
10141741,8
10141742,8
10141743,8
10141744,8
10141745,8
10141746,8
10141747,8
10141748,8
10141749,8
10141750,8
10141751,8
10141752,8
10141753,8
10141754,8
10141755,8
10141756,8
10141757,8
10141758,8
10141759,8
10141760,8
10141761,8
10141762,8
10141763,8
10141764,8
10141765,8
10141766,8
10141767,8
10141768,8
10141769,8
10141770,8
10141771,8
10141772,8
10141773,8
10141774,8
10141775,8
10141776,8
10141777,8
10141778,8
10141779,8
10141780,8
10141781,8
10141782,8
10141783,8
10141784,8
10141785,8
10141786,8
10141787,8
10141788,8
10141789,8
10141790,8
10141791,8
10141792,8
10141793,8
10141794,8
10141795,8
10141796,8
10141797,8
10141798,8
10141799,8
10141806,8
10141807,8
10141808,8
10141809,8
10141810,8
10141811,8
10141812,8
10141813,8
10141814,8
10141815,8
10141816,8
10141817,8
10141818,8
10141819,8
10141820,8
10141821,8
10141822,8
10141823,8
10141824,8
10146000,8
10146001,8
10146002,8
10146003,8
10146004,8
10146005,8
10146006,8
10146007,8
10146008,8
10146009,8
10146010,8
10146011,8
10146012,8
10146013,8
10146014,8
10146015,8
10146016,8
10146017,8
10146018,8
10146019,8
10146020,8
10146021,8
10146022,8
10146023,8
10146024,8
10146025,8
10146026,8
10146027,8
10146028,8
10146029,8
10146030,8
10146031,8
10146032,8
10146033,8
10146034,8
10146035,8
10146036,8
10146037,8
10146038,8
10146039,8
10146040,8
10146041,8
10146042,8
10146043,8
10146044,8
10146045,8
10146046,8
10146047,8
10146048,8
10146049,8
10146050,8
10146051,8
10146052,8
10146053,8
10146054,8
10146055,8
10146056,8
10146057,8
10146058,8
10146059,8
10146060,8
10146061,8
10146062,8
10146063,8
10146064,8
10146065,8
10146066,8
10146067,8
10146068,8
10146069,8
10146070,8
10146071,8
10146072,8
10146073,8
10146074,8
10146075,8
10146076,8
10146077,8
10146078,8
10146079,8
10146080,8
10146081,8
10146082,8
10146083,8
10146084,8
10146085,8
10146086,8
10146087,8
10146088,8
10146089,8
10146090,8
10146091,8
10146092,8
10146093,8
10146094,8
10146095,8
10146096,8
10146097,8
10146098,8
10146099,8
10146100,8
10146101,8
10146102,8
10146103,8
10146104,8
10146105,8
10146106,8
10146107,8
10146108,8
10146109,8
10146110,8
10146111,8
10146112,8
10146113,8
10146114,8
10146115,8
10146116,8
10146117,8
10146118,8
10146119,8
10146120,8
10146121,8
10146122,8
10146124,8
10146126,8
10146127,8
10146142,8
10146143,8
10146144,8
10146145,8
10146146,8
10146147,8
10146148,8
10146149,8
10146150,8
10146151,8
10146152,8
10146153,8
10146154,8
10146155,8
10146156,8
10146157,8
10146158,8
10146159,8
10146160,8
10146161,8
10146162,8
10146163,8
10146164,8
10146165,8
10146166,8
10146167,8
10146168,8
10146169,8
10146170,8
10146171,8
10146172,8
10146173,8
10146174,8
10146175,8
10146176,8
10146177,8
10146178,8
10146179,8
10146180,8
10146181,8
10146182,8
10146183,8
10146184,8
10146185,8
10146186,8
10146187,8
10146188,8
10146189,8
10146190,8
10146191,8
10146192,8
10146193,8
10146194,8
10146195,8
10146196,8
10146197,8
10146198,8
10146199,8
10146200,8
10146201,8
10146202,8
10146203,8
10146204,8
10146205,8
10146206,8
10146207,8
10146208,8
10146209,8
10146210,8
10146211,8
10146212,8
10146213,8
10146214,8
10146215,8
10146216,8
10146217,8
10146218,8
10146219,8
10146220,8
10146221,8
10146222,8
10146223,8
10146224,8
10146225,8
10146226,8
10146227,8
10146228,8
10146229,8
10146230,8
10146231,8
10146232,8
10146233,8
10146234,8
10146235,8
10146236,8
10146237,8
10146238,8
10146239,8
10146240,8
10146241,8
10146242,8
10146243,8
10146244,8
10146245,8
10146246,8
10146247,8
10146248,8
10146249,8
10146250,8
10146251,8
10146252,8
10146253,8
10146254,8
10146255,8
10146256,8
10146257,8
10146258,8
10146259,8
10146260,8
10146261,8
10146262,8
10146263,8
10146264,8
10146265,8
10146266,8
10146267,8
10146268,8
10146269,8
10146270,8
10146271,8
10146272,8
10146273,8
10146274,8
10146275,8
10146276,8
10146277,8
10146278,8
10146311,8
10146312,8
10146313,8
10146314,8
10146315,8
10146316,8
10146317,8
10146318,8
10146319,8
10146320,8
10146321,8
10146322,8
10146323,8
10146324,8
10146325,8
10146326,8
10146327,8
10146328,8
10146329,8
10146330,8
10146331,8
10146332,8
10146333,8
10146334,8
10146335,8
10146336,8
10146337,8
10146338,8
10146339,8
10146340,8
10146341,8
10146342,8
10146343,8
10146344,8
10146345,8
10146346,8
10146347,8
10146348,8
10146365,8
10146366,8
10146367,8
10146368,8
10146369,8
10146370,8
10146371,8
10146372,8
10146373,8
10146374,8
10146375,8
10146376,8
10146377,8
10146378,8
10146379,8
10146380,8
10146381,8
10146382,8
10146383,8
10146384,8
10146385,8
10146386,8
10146387,8
10146388,8
10146389,8
10146390,8
10146391,8
10146392,8
10146393,8
10146394,8
10146395,8
10146396,8
10146397,8
10146398,8
10146399,8
10146400,8
10146401,8
10146402,8
10146403,8
10146404,8
10146405,8
10146406,8
10146407,8
10146408,8
10146409,8
10146410,8
10146411,8
10146412,8
10146413,8
10146414,8
10146415,8
10146416,8
10146417,8
10146418,8
10146419,8
10146420,8
10146421,8
10146422,8
10146423,8
10146424,8
10146425,8
10146426,8
10146427,8
10146428,8
10146429,8
10146430,8
10146431,8
10146432,8
10146433,8
10146434,8
10146435,8
10146436,8
10146437,8
10146438,8
10146439,8
10146440,8
10146441,8
10146442,8
10146443,8
10146444,8
10146445,8
10146446,8
10146447,8
10146448,8
10146449,8
10146450,8
10146451,8
10146452,8
10146453,8
10146454,8
10146455,8
10146456,8
10146457,8
10146458,8
10146459,8
10146460,8
10146461,8
10146462,8
10146463,8
10146464,8
10146465,8
10146466,8
10146467,8
10146468,8
10146469,8
10146470,8
10146471,8
10146472,8
10146473,8
10146474,8
10146475,8
10146476,8
10146477,8
10146494,8
10146495,8
10146496,8
10146497,8
10146498,8
10146499,8
10146500,8
10146501,8
10146502,8
10146503,8
10146504,8
10146505,8
10146506,8
10146507,8
10146508,8
10146509,8
10146510,8
10146511,8
10146512,8
10146513,8
10146514,8
10146515,8
10146516,8
10146517,8
10146518,8
10146519,8
10146520,8
10146521,8
10146522,8
10146523,8
10146524,8
10146525,8
10146526,8
10146527,8
10146528,8
10146529,8
10146530,8
10146531,8
10146532,8
10146533,8
10146534,8
10146535,8
10146536,8
10146537,8
10146538,8
10146539,8
10146540,8
10146541,8
10146542,8
10146543,8
10146544,8
10146545,8
10146546,8
10146547,8
10146548,8
10146549,8
10146550,8
10146551,8
10146552,8
10146553,8
10146554,8
10146555,8
10146556,8
10146557,8
10146558,8
10146559,8
10146560,8
10146561,8
10146562,8
10146563,8
10146564,8
10146565,8
10146566,8
10146567,8
10146568,8
10146569,8
10146570,8
10146571,8
10146572,8
10146573,8
10146574,8
10146575,8
10146576,8
10146577,8
10146578,8
10146579,8
10146580,8
10146581,8
10146582,8
10146583,8
10146584,8
10146585,8
10146586,8
10146587,8
10146588,8
10146589,8
10146590,8
10146591,8
10146592,8
10146593,8
10146594,8
10146595,8
10146596,8
10146597,8
10146598,8
10146599,8
10146600,8
10146601,8
10146602,8
10146603,8
10146604,8
10146605,8
10146606,8
10146607,8
10146608,8
10146609,8
10146610,8
10146611,8
10146612,8
10146613,8
10146614,8
10146615,8
10146616,8
10146617,8
10146618,8
10146619,8
10146620,8
10146621,8
10146622,8
10146623,8
10146624,8
10146625,8
10146626,8
10146627,8
10146628,8
10146629,8
10146630,8
10146631,8
10146632,8
10146633,8
10146634,8
10146635,8
10146636,8
10146637,8
10146638,8
10146639,8
10146640,8
10146641,8
10146642,8
10146643,8
10146644,8
10146645,8
10146646,8
10146647,8
10146648,8
10146649,8
10146650,8
10146651,8
10146652,8
10146653,8
10146654,8
10146655,8
10146656,8
10146657,8
10146658,8
10146659,8
10146660,8
10146661,8
10146662,8
10146663,8
10146664,8
10146665,8
10146666,8
10146667,8
10146668,8
10146669,8
10146670,8
10146671,8
10146672,8
10146673,8
10146674,8
10146675,8
10146676,8
10146677,8
10146678,8
10146679,8
10146680,8
10146681,8
10146682,8
10146683,8
10146684,8
10146685,8
10146686,8
10146687,8
10146688,8
10146689,8
10146690,8
10146691,8
10146692,8
10146693,8
10146694,8
10146695,8
10146696,8
10146697,8
10146698,8
10146699,8
10146700,8
10146701,8
10146702,8
10146703,8
10146704,8
10146705,8
10146706,8
10146707,8
10146708,8
10146709,8
10146710,8
10146711,8
10146712,8
10146713,8
10146714,8
10146715,8
10146716,8
10146717,8
10146718,8
10146719,8
10146720,8
10146721,8
10146722,8
10146723,8
10146724,8
10146725,8
10146726,8
10146727,8
10146728,8
10146729,8
10146730,8
10146731,8
10146732,8
10146733,8
10146734,8
10146735,8
10146736,8
10146737,8
10146738,8
10146739,8
10146740,8
10146741,8
10146742,8
10146743,8
10146744,8
10146745,8
10146746,8
10146747,8
10146748,8
10146749,8
10146750,8
10146758,8
10146759,8
10146760,8
10146761,8
10146762,8
10146763,8
10146764,8
10146765,8
10146766,8
10146767,8
10146768,8
10146769,8
10146770,8
10146771,8
10146772,8
10146773,8
10146774,8
10146775,8
10146776,8
10146777,8
10146778,8
10146779,8
10146780,8
10146781,8
10146782,8
10146783,8
10146784,8
10146785,8
10146786,8
10146787,8
10146788,8
10146789,8
10146790,8
10146791,8
10146792,8
10146793,8
10146794,8
10146795,8
10146796,8
10146797,8
10146798,8
10146799,8
10146800,8
10146801,8
10146802,8
10146803,8
10146804,8
10146805,8
10146806,8
10146807,8
10146808,8
10146809,8
10146810,8
10146811,8
10146812,8
10146813,8
10146814,8
10146815,8
10146816,8
10146817,8
10146818,8
10146819,8
10146820,8
10146821,8
10146822,8
10146823,8
10146824,8
10146825,8
10146826,8
10146827,8
10146828,8
10146829,8
10146830,8
10146831,8
10146832,8
10146833,8
10146834,8
10146835,8
10146836,8
10146837,8
10146838,8
10146839,8
10146840,8
10146841,8
10146842,8
10146843,8
10146844,8
10146845,8
10146846,8
10146847,8
10146848,8
10146849,8
10146850,8
10146856,8
10146857,8
10146858,8
10146859,8
10146860,8
10146861,8
10146862,8
10146863,8
10146864,8
10146865,8
10146866,8
10146867,8
10146868,8
10146869,8
10146870,8
10146871,8
10146880,8
10146881,8
10146882,8
10146883,8
10146884,8
10146885,8
10146886,8
10146887,8
10146896,8
10146897,8
10146898,8
10146899,8
10146900,8
10146901,8
10146902,8
10146903,8
10146912,8
10146913,8
10146914,8
10146915,8
10146916,8
10146917,8
10146918,8
10146919,8
10146929,8
10146930,8
10146931,8
10146932,8
10146933,8
10146934,8
10146935,8
10146936,8
10146945,8
10146946,8
10146947,8
10146948,8
10146949,8
10146950,8
10146951,8
10146952,8
10146961,8
10146962,8
10146963,8
10146964,8
10146965,8
10146966,8
10146967,8
10146968,8
10146977,8
10146978,8
10146979,8
10146980,8
10146981,8
10146982,8
10146983,8
10146984,8
10146985,8
10146986,8
10146987,8
10146988,8
10147001,8
10147002,8
10147003,8
10147004,8
10147005,8
10147006,8
10147007,8
10147008,8
10147017,8
10147018,8
10147019,8
10147020,8
10147021,8
10147022,8
10147023,8
10147024,8
10147033,8
10147034,8
10147035,8
10147036,8
10147037,8
10147038,8
10147039,8
10147040,8
10147049,8
10147050,8
10147051,8
10147052,8
10147053,8
10147054,8
10147055,8
10147056,8
10147065,8
10147066,8
10147068,8
10147069,8
10147070,8
10147071,8
10147072,8
10147073,8
10147074,8
10147075,8
10147076,8
10147084,8
10147085,8
10147086,8
10147087,8
10147088,8
10147089,8
10147090,8
10147091,8
10147100,8
10147101,8
10147102,8
10147103,8
10147104,8
10147105,8
10147106,8
10147107,8
10147116,8
10147117,8
10147118,8
10147119,8
10147120,8
10147121,8
10147122,8
10147123,8
10147134,8
10147135,8
10147136,8
10147143,8
10147144,8
10147145,8
10147146,8
10147147,8
10147148,8
10147149,8
10147150,8
10147151,8
10147160,8
10147161,8
10147162,8
10147163,8
10147164,8
10147165,8
10147166,8
10147167,8
10147176,8
10147177,8
10147178,8
10147179,8
10147180,8
10147181,8
10147182,8
10147183,8
10147192,8
10147193,8
10147194,8
10147195,8
10147196,8
10147197,8
10147198,8
10147199,8
10147200,8
10147201,8
10147202,8
10147211,8
10147212,8
10147213,8
10147214,8
10147215,8
10147216,8
10147217,8
10147218,8
10147227,8
10147228,8
10147231,8
10147232,8
10147233,8
10147234,8
10147235,8
10147236,8
10147237,8
10147238,8
10147239,8
10147240,8
10147241,8
10147242,8
10147243,8
10147244,8
10147245,8
10147246,8
10147247,8
10147248,8
10147249,8
10147250,8
10147251,8
10147252,8
10147253,8
10147254,8
10147255,8
10147256,8
10147257,8
10147258,8
10147259,8
10147260,8
10147261,8
10147262,8
10147263,8
10147264,8
10147265,8
10147266,8
10147267,8
10147268,8
10147269,8
10147270,8
10147271,8
10147272,8
10147273,8
10147274,8
10147275,8
10147276,8
10147277,8
10147278,8
10147279,8
10147280,8
10147281,8
10147282,8
10147283,8
10147284,8
10147285,8
10147286,8
10147287,8
10147288,8
10147289,8
10147290,8
10147291,8
10147292,8
10147293,8
10147294,8
10147295,8
10147296,8
10147297,8
10147298,8
10147299,8
10147300,8
10147301,8
10147302,8
10147303,8
10147304,8
10147305,8
10147306,8
10147307,8
10147308,8
10147317,8
10147318,8
10147319,8
10147320,8
10147321,8
10147322,8
10147323,8
10147324,8
10147333,8
10147334,8
10147335,8
10147336,8
10147337,8
10147338,8
10147339,8
10147340,8
10147349,8
10147350,8
10147351,8
10147352,8
10147353,8
10147354,8
10147355,8
10147356,8
10147357,8
10147358,8
10147371,8
10147372,8
10147373,8
10147374,8
10147375,8
10147376,8
10147377,8
10147378,8
10147387,8
10147388,8
10147389,8
10147390,8
10147391,8
10147392,8
10147393,8
10147394,8
10147403,8
10147404,8
10147405,8
10147406,8
10147407,8
10147408,8
10147409,8
10147410,8
10147420,8
10147421,8
10147422,8
10147423,8
10147424,8
10147425,8
10147426,8
10147427,8
10147436,8
10147437,8
10147438,8
10147439,8
10147440,8
10147441,8
10147442,8
10147443,8
10147444,8
10147445,8
10147446,8
10147447,8
10147448,8
10147449,8
10147450,8
10147451,8
10147452,8
10147453,8
10147454,8
10147455,8
10147456,8
10147464,8
10147465,8
10147466,8
10147467,8
10147468,8
10147469,8
10147470,8
10147471,8
10147472,8
10147481,8
10147482,8
10147483,8
10147484,8
10147485,8
10147486,8
10147487,8
10147488,8
10147489,8
10147498,8
10147499,8
10147500,8
10147501,8
10147502,8
10147503,8
10147504,8
10147505,8
10147506,8
10147516,8
10147517,8
10147518,8
10147519,8
10147520,8
10147521,8
10147522,8
10147523,8
10147524,8
10147534,8
10147535,8
10147536,8
10147537,8
10147538,8
10147539,8
10147540,8
10147541,8
10147542,8
10147554,8
10147555,8
10147556,8
10147557,8
10147558,8
10147559,8
10147560,8
10147561,8
10147570,8
10147571,8
10147572,8
10147573,8
10147574,8
10147575,8
10147576,8
10147577,8
10147586,8
10147587,8
10147588,8
10147589,8
10147590,8
10147591,8
10147592,8
10147593,8
10147602,8
10147603,8
10147604,8
10147605,8
10147606,8
10147607,8
10147608,8
10147609,8
10147610,8
10147611,8
10155001,17
10155002,17
10155003,17
10155004,17
10155005,17
10155006,17
10156001,18
10156002,18
10157001,19
10158001,20
10158002,20
10158003,20
10158004,20
10158005,20
10159001,21
10159002,21
10159003,21
10159004,21
10159005,21
10159006,21
10159007,21
10159008,21
10159009,21
10159010,21
10159011,21
10159012,21
10159013,21
10159014,21
10159015,21
10159016,21
10159017,21
10159018,21
10159019,21
10159020,21
10159021,21
10159022,21
10159023,21
10159024,21
10159025,21
10159026,21
10159027,21
10159028,21
10159029,21
10159030,21
10159031,21
10159032,21
10200001,0
10200002,0
10200003,0
10200004,0
10200005,0
10200006,0
10200007,0
10200008,0
10200009,0
10200010,0
10200011,0
10200012,0
10200013,0
10200014,0
10200015,0
10200016,0
10200017,0
10200018,0
10200019,0
10200020,0
10200021,0
10200022,0
10200023,0
10200024,0
10200025,0
10200026,0
10200027,0
10200028,0
10200029,0
10200030,0
10201001,0
10201002,0
10201003,0
10201004,0
10201005,0
10201006,0
10201007,0
10201008,0
10201009,0
10201010,0
10201011,0
10201012,0
10201013,0
10201014,0
10201015,0
10201016,0
10201017,0
10201018,0
10201019,0
10201020,0
10201021,0
10201022,0
10201023,0
10201024,0
10201025,0
10201026,0
10201027,0
10201028,0
10201029,0
10201030,0
10202001,0
10202002,0
10202003,0
10202004,0
10202005,0
10202006,0
10202007,0
10202008,0
10202009,0
10202010,0
10202011,0
10202012,0
10202013,0
10202014,0
10202015,0
10202016,0
10202017,0
10202018,0
10202019,0
10202020,0
10202021,0
10202022,0
10202023,0
10202024,0
10202025,0
10202026,0
10202027,0
10202028,0
10202029,0
10202030,0
10203001,0
10203002,0
10203003,0
10203004,0
10203005,0
10203006,0
10203007,0
10203008,0
10203009,0
10203010,0
10203011,0
10203012,0
10203013,0
10203014,0
10203015,0
10203016,0
10203017,0
10203018,0
10203019,0
10203020,0
10203021,0
10203022,0
10203023,0
10203024,0
10203025,0
10203026,0
10203027,0
10203028,0
10203029,0
10203030,0
10204001,0
10204002,0
10204003,0
10204004,0
10204005,0
10204006,0
10204007,0
10204008,0
10204009,0
10204010,0
10204011,0
10204012,0
10204013,0
10204014,0
10204015,0
10204016,0
10204017,0
10204018,0
10204019,0
10204020,0
10204021,0
10204022,0
10204023,0
10204024,0
10204025,0
10204026,0
10204027,0
10204028,0
10204029,0
10204030,0
10205001,0
10205002,0
10205003,0
10205004,0
10205005,0
10205006,0
10205007,0
10205008,0
10205009,0
10205010,0
10205011,0
10205012,0
10205013,0
10205014,0
10205015,0
10205016,0
10205017,0
10205018,0
10205019,0
10205020,0
10205021,0
10205022,0
10205023,0
10205024,0
10205025,0
10205026,0
10205027,0
10205028,0
10205029,0
10205030,0
10206001,0
10206002,0
10206003,0
10206004,0
10206005,0
10206006,0
10206007,0
10206008,0
10206009,0
10206010,0
10206011,0
10206012,0
10206013,0
10206014,0
10206015,0
10206016,0
10206017,0
10206018,0
10206019,0
10206020,0
10206021,0
10206022,0
10206023,0
10206024,0
10206025,0
10206026,0
10206027,0
10206028,0
10206029,0
10206030,0
10207001,0
10207002,0
10207003,0
10207004,0
10207005,0
10207006,0
10207007,0
10207008,0
10207009,0
10207010,0
10207011,0
10207012,0
10207013,0
10207014,0
10207015,0
10207016,0
10207017,0
10207018,0
10207019,0
10207020,0
10207021,0
10207022,0
10207023,0
10207024,0
10207025,0
10207026,0
10207027,0
10207028,0
10207029,0
10207030,0
10208001,0
10208002,0
10208003,0
10208004,0
10208005,0
10208006,0
10208007,0
10208008,0
10208009,0
10208010,0
10208011,0
10208012,0
10208013,0
10208014,0
10208015,0
10208016,0
10208017,0
10208018,0
10208019,0
10208020,0
10208021,0
10208022,0
10208023,0
10208024,0
10208025,0
10208026,0
10208027,0
10208028,0
10208029,0
10208030,0
10210001,1
10210002,1
10210003,1
10210004,1
10210005,1
10210006,1
10210007,1
10210008,1
10210009,1
10210010,1
10210011,1
10210012,1
10210013,1
10210014,1
10210015,1
10210016,1
10210017,1
10210018,1
10210019,1
10210020,1
10210021,1
10210022,1
10210023,1
10210024,1
10210025,1
10210026,1
10210027,1
10210028,1
10210029,1
10210030,1
10210031,1
10210032,1
10210033,1
10210034,1
10210035,1
10210036,1
10210037,1
10210038,1
10210039,1
10210040,1
10210041,1
10210042,1
10210043,1
10210044,1
10210045,1
10210046,1
10210047,1
10210048,1
10210049,1
10210050,1
10210051,1
10210052,1
10210053,1
10210054,1
10210055,1
10210056,1
10210057,1
10210058,1
10210059,1
10210060,1
10210061,1
10210062,1
10210063,1
10210064,1
10210065,1
10210066,1
10210067,1
10210068,1
10210069,1
10210070,1
10210071,1
10210072,1
10210073,1
10210074,1
10210075,1
10210076,1
10210077,1
10210078,1
10210079,1
10210080,1
10210081,1
10210082,1
10210083,1
10210084,1
10210085,1
10210086,1
10210087,1
10210088,1
10210089,1
10210090,1
10211001,4
10211002,4
10211003,4
10211004,4
10211005,4
10211006,4
10211007,4
10211008,4
10211009,4
10211010,4
10211011,4
10211012,4
10211013,4
10211014,4
10211015,4
10211016,4
10211017,4
10211018,4
10211019,4
10211020,4
10211021,4
10211022,4
10211023,4
10211024,4
10211025,4
10211026,4
10211027,4
10211028,4
10211029,4
10211030,4
10211031,4
10211032,4
10211033,4
10211034,4
10211035,4
10211036,4
10211037,4
10211038,4
10211039,4
10211040,4
10211041,4
10211042,4
10211043,4
10211044,4
10211045,4
10211046,4
10211047,4
10211048,4
10211049,4
10211050,4
10211051,4
10211052,4
10211053,4
10211054,4
10211055,4
10211056,4
10211057,4
10211058,4
10211059,4
10211060,4
10211061,4
10211062,4
10211063,4
10211064,4
10211065,4
10211066,4
10211067,4
10211068,4
10211069,4
10211070,4
10211071,4
10211072,4
10211073,4
10211074,4
10211075,4
10211076,4
10211077,4
10211078,4
10211079,4
10211080,4
10211081,4
10211082,4
10211083,4
10211084,4
10211085,4
10211086,4
10211087,4
10211088,4
10211089,4
10211090,4
10212001,3
10212002,3
10212003,3
10212004,3
10212005,3
10212006,3
10212007,3
10212008,3
10212009,3
10212010,3
10212011,3
10212012,3
10212013,3
10212014,3
10212015,3
10212016,3
10212017,3
10212018,3
10212019,3
10212020,3
10212021,3
10212022,3
10212023,3
10212024,3
10212025,3
10212026,3
10212027,3
10212028,3
10212029,3
10212030,3
10212031,3
10212032,3
10212033,3
10212034,3
10212035,3
10212036,3
10212037,3
10212038,3
10212039,3
10212040,3
10212041,3
10212042,3
10212043,3
10212044,3
10212045,3
10212046,3
10212047,3
10212048,3
10212049,3
10212050,3
10212051,3
10212052,3
10212053,3
10212054,3
10212055,3
10212056,3
10212057,3
10212058,3
10212059,3
10212060,3
10212061,3
10212062,3
10212063,3
10212064,3
10212065,3
10212066,3
10212067,3
10212068,3
10212069,3
10212070,3
10212071,3
10212072,3
10212073,3
10212074,3
10212075,3
10212076,3
10212077,3
10212078,3
10212079,3
10212080,3
10212081,3
10212082,3
10212083,3
10212084,3
10212085,3
10212086,3
10212087,3
10212088,3
10212089,3
10212090,3
10212091,0
10212092,0
10212093,0
10212094,0
10212095,0
10212096,0
10213001,2
10213002,2
10213003,2
10213004,2
10213005,2
10213006,2
10213007,2
10213008,2
10213009,2
10213010,2
10213011,2
10213012,2
10213013,2
10213014,2
10213015,2
10213016,2
10213017,2
10213018,2
10213019,2
10213020,2
10213021,2
10213022,2
10213023,2
10213024,2
10213025,2
10213026,2
10213027,2
10213028,2
10213029,2
10213030,2
10213031,2
10213032,2
10213033,2
10213034,2
10213035,2
10213036,2
10213037,2
10213038,2
10213039,2
10213040,2
10213041,2
10213042,2
10213043,2
10213044,2
10213045,2
10213046,2
10213047,2
10213048,2
10213049,2
10213050,2
10213051,2
10213052,2
10213053,2
10213054,2
10213055,2
10213056,2
10213057,2
10213058,2
10213059,2
10213060,2
10213061,2
10213062,2
10213063,2
10213064,2
10213065,2
10213066,2
10213067,2
10213068,2
10213069,2
10213070,2
10213071,2
10213072,2
10213073,2
10213074,2
10213075,2
10213076,2
10213077,2
10213078,2
10213079,2
10213080,2
10213081,2
10213082,2
10213083,2
10213084,2
10213085,2
10213086,2
10213087,2
10213088,2
10213089,2
10213090,2
10214001,14
10214002,14
10214003,14
10214004,14
10214005,14
10214006,14
10214007,14
10214008,14
10214009,14
10214010,14
10214011,14
10214012,14
10214013,14
10214014,14
10214015,14
10214016,14
10214017,14
10214018,14
10214019,14
10214020,14
10214021,14
10214022,14
10214023,14
10214024,14
10214025,14
10214026,14
10214027,14
10214028,14
10214029,14
10214030,14
10215001,15
10215002,15
10215003,15
10215004,15
10215005,15
10215006,15
10215007,15
10215008,15
10215009,15
10215010,15
10215011,15
10215012,15
10215013,15
10215014,15
10215015,15
10215016,15
10215017,15
10215018,15
10215019,15
10215020,15
10215021,15
10215022,15
10215023,15
10215024,15
10215025,15
10215026,15
10215027,15
10215028,15
10215029,15
10215030,15
10216001,0
10216002,0
10216003,0
10216004,0
10216005,0
10216006,0
10216007,0
10216008,0
10216009,0
10216010,0
10216011,0
10216012,0
10216013,0
10216014,0
10216015,0
10216016,0
10216017,0
10216018,0
10216019,0
10216020,0
10216021,0
10216022,0
10216023,0
10216024,0
10216025,0
10216026,0
10216027,0
10216028,0
10216029,0
10216030,0
10217001,0
10217002,0
10217003,0
10217004,0
10217005,0
10217006,0
10217007,0
10217008,0
10217009,0
10217010,0
10217011,0
10217012,0
10217013,0
10217014,0
10217015,0
10217016,0
10217017,0
10217018,0
10217019,0
10217020,0
10217021,0
10217022,0
10217023,0
10217024,0
10217025,0
10217026,0
10217027,0
10217028,0
10217029,0
10217030,0
10220001,7
10220002,7
10220003,7
10220004,7
10220005,7
10220006,7
10220007,7
10220008,7
10220009,7
10220010,7
10220011,7
10220012,7
10220013,7
10220014,7
10220015,7
10220016,7
10220017,7
10220018,7
10220019,7
10220020,7
10220021,7
10220022,7
10220023,7
10220024,7
10220025,7
10220026,7
10220027,7
10220028,7
10220029,7
10220030,7
10221001,5
10221002,5
10221003,5
10221004,5
10221005,5
10221006,5
10221007,5
10221008,5
10221009,5
10221010,5
10221011,5
10221012,5
10221013,5
10221014,5
10221015,5
10221016,5
10221017,5
10221018,5
10221019,5
10221020,5
10221021,5
10221022,5
10221023,5
10221024,5
10221025,5
10221026,5
10221027,5
10221028,5
10221029,5
10221030,5
10222001,6
10222002,6
10222003,6
10222004,6
10222005,6
10222006,6
10222007,6
10222008,6
10222009,6
10222010,6
10222011,6
10222012,6
10222013,6
10222014,6
10222015,6
10222016,6
10222017,6
10222018,6
10222019,6
10222020,6
10222021,6
10222022,6
10222023,6
10222024,6
10222025,6
10222026,6
10222027,6
10222028,6
10222029,6
10222030,6
10222031,6
10222032,6
10222033,6
10222034,6
10222035,6
10222036,6
10223001,12
10223002,12
10223003,12
10223004,12
10223005,12
10223006,12
10223007,12
10223008,12
10223009,12
10223010,12
10223011,12
10223012,12
10223013,12
10223014,12
10223015,12
10223016,12
10223017,12
10223018,12
10223019,12
10223020,12
10223021,12
10223022,12
10223023,12
10223024,12
10223025,12
10223026,12
10223027,12
10223028,12
10223029,12
10223030,12
10223031,12
10223032,12
10223033,12
10223034,12
10223035,12
10223036,12
10300000,0
10300001,0
10300002,0
10300003,0
10300004,0
10300005,0
10300006,0
10300007,0
10300100,0
10300101,0
10300102,0
10300103,0
10300104,0
10300105,0
10300419,0
10300420,0
10300421,0
10300423,0
10300424,0
10300425,0
10300426,0
10300427,0
10300428,0
10300429,0
10300430,0
10300431,0
10301000,0
10301001,0
10301100,0
10301101,0
10301102,0
10301103,0
10301104,0
10301105,0
10301198,0
10301199,0
10301200,0
10301201,0
10301202,0
10301203,0
10301204,0
10301205,0
10301426,0
10301427,0
10301428,0
10301435,0
10301436,0
10301437,0
10301444,0
10301445,0
10301446,0
10301447,0
10301448,0
10301449,0
10301450,0
10301451,0
10301452,0
10301453,0
10301454,0
10301455,0
10301456,0
10301457,0
10301458,0
10301459,0
10301460,0
10301461,0
10302000,0
10302001,0
10302002,0
10302003,0
10302004,0
10302005,0
10302006,0
10302007,0
10302008,0
10302009,0
10302010,0
10302011,0
10302100,0
10302101,0
10302102,0
10302103,0
10302104,0
10302105,0
10302200,0
10302201,0
10302202,0
10302203,0
10302204,0
10302205,0
10302430,0
10302431,0
10302432,0
10302439,0
10302440,0
10302441,0
10302449,0
10302450,0
10302451,0
10302452,0
10302453,0
10302454,0
10302455,0
10302456,0
10302457,0
10302458,0
10302459,0
10302460,0
10302461,0
10302462,0
10302463,0
10302464,0
10302465,0
10302466,0
10303000,0
10303001,0
10303100,0
10303101,0
10303102,0
10303103,0
10303104,0
10303105,0
10303200,0
10303201,0
10303202,0
10303203,0
10303204,0
10303205,0
10303422,0
10303423,0
10303424,0
10303431,0
10303432,0
10303433,0
10303440,0
10303441,0
10303442,0
10303443,0
10303444,0
10303445,0
10303446,0
10303447,0
10303448,0
10303449,0
10303450,0
10303451,0
10303452,0
10303453,0
10303454,0
10303455,0
10303456,0
10303457,0
10304000,0
10304001,0
10304002,0
10304003,0
10304004,0
10304005,0
10304006,0
10304007,0
10304100,0
10304101,0
10304102,0
10304103,0
10304104,0
10304105,0
10304417,0
10304418,0
10304419,0
10304427,0
10304428,0
10304429,0
10304430,0
10304431,0
10304432,0
10304433,0
10304434,0
10304435,0
10305000,0
10305001,0
10305002,0
10305003,0
10305004,0
10305005,0
10305006,0
10305007,0
10305008,0
10305009,0
10305100,0
10305101,0
10305102,0
10305103,0
10305104,0
10305105,0
10305200,0
10305201,0
10305202,0
10305203,0
10305204,0
10305205,0
10305426,0
10305427,0
10305428,0
10305435,0
10305436,0
10305437,0
10305445,0
10305446,0
10305447,0
10305448,0
10305449,0
10305450,0
10305451,0
10305452,0
10305453,0
10305454,0
10305455,0
10305456,0
10305457,0
10305458,0
10305459,0
10305460,0
10305461,0
10305462,0
10306000,0
10306001,0
10306002,0
10306003,0
10306004,0
10306005,0
10306006,0
10306007,0
10306012,0
10306013,0
10306014,0
10306015,0
10306016,0
10306017,0
10306033,0
10306034,0
10306035,0
10306043,0
10306044,0
10306045,0
10306046,0
10306047,0
10306048,0
10306049,0
10306050,0
10306051,0
10307000,0
10307001,0
10307002,0
10307003,0
10307004,0
10307005,0
10307006,0
10307007,0
10307012,0
10307013,0
10307014,0
10307015,0
10307016,0
10307017,0
10307033,0
10307034,0
10307035,0
10307043,0
10307044,0
10307045,0
10307046,0
10307047,0
10307048,0
10307049,0
10307050,0
10307051,0
10308000,0
10308001,0
10308002,0
10308003,0
10308004,0
10308005,0
10308006,0
10308007,0
10308012,0
10308013,0
10308014,0
10308015,0
10308016,0
10308017,0
10308033,0
10308034,0
10308035,0
10308043,0
10308044,0
10308045,0
10308046,0
10308047,0
10308048,0
10308049,0
10308050,0
10308051,0
10316000,0
10316001,0
10316002,0
10316003,0
10316004,0
10316005,0
10316006,0
10316007,0
10316012,0
10316013,0
10316014,0
10316030,0
10316031,0
10316032,0
10316033,0
10316034,0
10316035,0
10316043,0
10316044,0
10316045,0
10316046,0
10316047,0
10316048,0
10316049,0
10316050,0
10316051,0
10317000,0
10317001,0
10317002,0
10317003,0
10317004,0
10317005,0
10317006,0
10317007,0
10317012,0
10317013,0
10317014,0
10317015,0
10317016,0
10317017,0
10317033,0
10317034,0
10317035,0
10317043,0
10317044,0
10317045,0
10317046,0
10317047,0
10317048,0
10317049,0
10317050,0
10317051,0
10400001,0
10400002,0
10400003,0
10400004,0
10400005,0
10400006,0
10400007,0
10400008,0
10400009,0
10400010,0
10400011,0
10400012,0
10400013,0
10400014,0
10400015,0
10400016,0
10400017,0
10400018,0
10400019,0
10400020,0
10400021,0
10400022,0
10400023,0
10400024,0
10400025,0
10400026,0
10400027,0
10400028,0
10400029,0
10400030,0
10400031,0
10400032,0
10400033,0
10400034,0
10400035,0
10400036,0
10400037,0
10400038,0
10400039,0
10400040,0
10400041,0
10400042,0
10400043,0
10400044,0
10400045,0
10400046,0
10400047,0
10400048,0
10400049,0
10400050,0
10400051,0
10400052,0
10400053,0
10400054,0
10400055,0
10400056,0
10400057,0
10400058,0
10400059,0
10400060,0
10400061,0
10400062,0
10400063,0
10400064,0
10400065,0
10400066,0
10400067,0
10400068,0
10400069,0
10400070,0
10400071,0
10400072,0
10400073,0
10400074,0
10400075,0
10400076,0
10400077,0
10400078,0
10400079,0
10401001,0
10401002,0
10401003,0
10401004,0
10401005,0
10401006,0
10401007,0
10401008,0
10401009,0
10401010,0
10401011,0
10401012,0
10401013,0
10401014,0
10401015,0
10401016,0
10401017,0
10401018,0
10401019,0
10401020,0
10401021,0
10401022,0
10401023,0
10401024,0
10401025,0
10401026,0
10401027,0
10401028,0
10401029,0
10401030,0
10401031,0
10401032,0
10401033,0
10401034,0
10401035,0
10401036,0
10401037,0
10401038,0
10401039,0
10401040,0
10401041,0
10401042,0
10401043,0
10401044,0
10401045,0
10401046,0
10401047,0
10401048,0
10401049,0
10401050,0
10401051,0
10401052,0
10401053,0
10401054,0
10401055,0
10401056,0
10401057,0
10401058,0
10401059,0
10401060,0
10401061,0
10401062,0
10401063,0
10401064,0
10401065,0
10401066,0
10401067,0
10401068,0
10401069,0
10401070,0
10401071,0
10401072,0
10401073,0
10402001,0
10402002,0
10402003,0
10402004,0
10402005,0
10402006,0
10402007,0
10402008,0
10402009,0
10402010,0
10402011,0
10402012,0
10402013,0
10402014,0
10402015,0
10402016,0
10402017,0
10402018,0
10402019,0
10402020,0
10402021,0
10402022,0
10402023,0
10402024,0
10402025,0
10402026,0
10402027,0
10402028,0
10402029,0
10402030,0
10402031,0
10402032,0
10402033,0
10402034,0
10402035,0
10402036,0
10402037,0
10402038,0
10402039,0
10402040,0
10402041,0
10402042,0
10402043,0
10402044,0
10402045,0
10402046,0
10402047,0
10402048,0
10402049,0
10402050,0
10402051,0
10402052,0
10402053,0
10402054,0
10402055,0
10402056,0
10402057,0
10402058,0
10402059,0
10402060,0
10402061,0
10402062,0
10402063,0
10402064,0
10402065,0
10402066,0
10402067,0
10402068,0
10402069,0
10402070,0
10402071,0
10402072,0
10402073,0
10402074,0
10402075,0
10402076,0
10402077,0
10402078,0
10402079,0
10402080,0
10402081,0
10402082,0
10402083,0
10402084,0
10402085,0
10402086,0
10402087,0
10403001,0
10403002,0
10403003,0
10403004,0
10403005,0
10403006,0
10403007,0
10403008,0
10403009,0
10403010,0
10403011,0
10403012,0
10403013,0
10403014,0
10403015,0
10403016,0
10403017,0
10403018,0
10403019,0
10403020,0
10403021,0
10403022,0
10403023,0
10403024,0
10403025,0
10403026,0
10403027,0
10403028,0
10403029,0
10403030,0
10403031,0
10403032,0
10403033,0
10403034,0
10403035,0
10403036,0
10403037,0
10403038,0
10403039,0
10403040,0
10403041,0
10403042,0
10403043,0
10403044,0
10403045,0
10403046,0
10403047,0
10403048,0
10403049,0
10403050,0
10403051,0
10403052,0
10403053,0
10403054,0
10403055,0
10403056,0
10403057,0
10403058,0
10403059,0
10403060,0
10403061,0
10403062,0
10403063,0
10403064,0
10403065,0
10403066,0
10403067,0
10403068,0
10403069,0
10403070,0
10403071,0
10403072,0
10403073,0
10404001,0
10404002,0
10404003,0
10404004,0
10404005,0
10404006,0
10404007,0
10404008,0
10404009,0
10404010,0
10404011,0
10404012,0
10404013,0
10404014,0
10404015,0
10404016,0
10404017,0
10404018,0
10404019,0
10404020,0
10404021,0
10404022,0
10404023,0
10404024,0
10404025,0
10404026,0
10404027,0
10404028,0
10404029,0
10404030,0
10404031,0
10404032,0
10404033,0
10404034,0
10404035,0
10404036,0
10404037,0
10404038,0
10404039,0
10404040,0
10404041,0
10404042,0
10404043,0
10404044,0
10404045,0
10404046,0
10404047,0
10404048,0
10404049,0
10404050,0
10404051,0
10404052,0
10404053,0
10404054,0
10404055,0
10404056,0
10404057,0
10404058,0
10404059,0
10404060,0
10404061,0
10404062,0
10404063,0
10404064,0
10404065,0
10404066,0
10404067,0
10404068,0
10404069,0
10404070,0
10404071,0
10404072,0
10404073,0
10404074,0
10404075,0
10404076,0
10404077,0
10404078,0
10405001,0
10405002,0
10405003,0
10405004,0
10405005,0
10405006,0
10405007,0
10405008,0
10405009,0
10405010,0
10405011,0
10405012,0
10405013,0
10405014,0
10405015,0
10405016,0
10405017,0
10405018,0
10405019,0
10405020,0
10405021,0
10405022,0
10405023,0
10405024,0
10405025,0
10405026,0
10405027,0
10405028,0
10405029,0
10405030,0
10405031,0
10405032,0
10405033,0
10405034,0
10405035,0
10405036,0
10405037,0
10405038,0
10405039,0
10405040,0
10405041,0
10405042,0
10405043,0
10405044,0
10405045,0
10405046,0
10405047,0
10405048,0
10405049,0
10405050,0
10405051,0
10405052,0
10405053,0
10405054,0
10405055,0
10405056,0
10405057,0
10405058,0
10405059,0
10405060,0
10405061,0
10405062,0
10405063,0
10405064,0
10405065,0
10405066,0
10405067,0
10405068,0
10405069,0
10405070,0
10405071,0
10405072,0
10405073,0
10405074,0
10405075,0
10406001,0
10406002,0
10406003,0
10406004,0
10406005,0
10406006,0
10406007,0
10406008,0
10406009,0
10406010,0
10406011,0
10406012,0
10406013,0
10406014,0
10406015,0
10406016,0
10407001,0
10407002,0
10407003,0
10407004,0
10407005,0
10407006,0
10407007,0
10407008,0
10407009,0
10407010,0
10407011,0
10407012,0
10407013,0
10407014,0
10407015,0
10407016,0
10408001,0
10408002,0
10408003,0
10408004,0
10408005,0
10408006,0
10408007,0
10408008,0
10408009,0
10408010,0
10408011,0
10408012,0
10408013,0
10408014,0
10408015,0
10408016,0
10410001,1
10410002,1
10410003,1
10410004,1
10410005,1
10410006,1
10410007,1
10410008,1
10410009,1
10410010,1
10410011,1
10410012,1
10410013,1
10410014,1
10410015,1
10410016,1
10410017,1
10410018,1
10410019,1
10410020,1
10410021,1
10410022,1
10410023,1
10410024,1
10410025,1
10410026,1
10410027,1
10410028,1
10410029,1
10410030,1
10410031,1
10410032,1
10410033,1
10410034,1
10410035,1
10410036,1
10410037,1
10410038,1
10410039,1
10410040,1
10410041,1
10410042,1
10410043,1
10410044,1
10410045,1
10410046,1
10410047,1
10410048,1
10410049,1
10410050,1
10410051,1
10410052,1
10410053,1
10410054,1
10410055,1
10410056,1
10410057,1
10410058,1
10410059,1
10410060,1
10410061,1
10410062,1
10410063,1
10410064,1
10410065,1
10410066,1
10410067,1
10410068,1
10410069,1
10410070,1
10410071,1
10410072,1
10410073,1
10410074,1
10410075,1
10410076,1
10410077,1
10410078,1
10410079,1
10410080,1
10410081,1
10410082,1
10410083,1
10410084,1
10410085,1
10410086,1
10410087,1
10410088,1
10410089,1
10410090,1
10410091,1
10410092,1
10410093,1
10410094,1
10410095,1
10410096,1
10410097,1
10410098,1
10410099,1
10410100,1
10410101,1
10410102,1
10410103,1
10410104,1
10410105,1
10410106,1
10410107,1
10410108,1
10410109,1
10410110,1
10410111,1
10410112,1
10410113,1
10410114,1
10410115,1
10410116,1
10410117,1
10410118,1
10410119,1
10410120,1
10410121,1
10410122,1
10410123,1
10410124,1
10410125,1
10410126,1
10410127,1
10410128,1
10410129,1
10410130,1
10410131,1
10410132,1
10410133,1
10410134,1
10410135,1
10410136,1
10410137,1
10410138,1
10410139,1
10410140,1
10410141,1
10410142,1
10410143,1
10410144,1
10410145,1
10410146,1
10410147,1
10410148,1
10410153,1
10410154,1
10410155,1
10410156,1
10411001,4
10411002,4
10411003,4
10411004,4
10411005,4
10411006,4
10411007,4
10411008,4
10411009,4
10411010,4
10411011,4
10411012,4
10411013,4
10411014,4
10411015,4
10411016,4
10411017,4
10411018,4
10411019,4
10411020,4
10411021,4
10411022,4
10411023,4
10411024,4
10411025,4
10411026,4
10411027,4
10411028,4
10411029,4
10411030,4
10411031,4
10411032,4
10411033,4
10411034,4
10411035,4
10411036,4
10411037,4
10411038,4
10411039,4
10411040,4
10411041,4
10411042,4
10411043,4
10411044,4
10411045,4
10411046,4
10411047,4
10411048,4
10411049,4
10411050,4
10411051,4
10411052,4
10411053,4
10411054,4
10411055,4
10411056,4
10411057,4
10411058,4
10411059,4
10411060,4
10411061,4
10411062,4
10411063,4
10411064,4
10411065,4
10411066,4
10411067,4
10411068,4
10411069,4
10411070,4
10411071,4
10411072,4
10411073,4
10411074,4
10411075,4
10411076,4
10411077,4
10411078,4
10411079,4
10411080,4
10411081,4
10411082,4
10411083,4
10411084,4
10411085,4
10411086,4
10411087,4
10411088,4
10411089,4
10411090,4
10411091,4
10411092,4
10411093,4
10411094,4
10411095,4
10411096,4
10411097,4
10411098,4
10411099,4
10411100,4
10411105,4
10411106,4
10411107,4
10411108,4
10412001,3
10412002,3
10412003,3
10412004,3
10412005,3
10412006,3
10412007,3
10412008,3
10412009,3
10412010,3
10412011,3
10412012,3
10412013,3
10412014,3
10412015,3
10412016,3
10412017,3
10412018,3
10412019,3
10412020,3
10412021,3
10412022,3
10412023,3
10412024,3
10412025,3
10412026,3
10412027,3
10412028,3
10412029,3
10412030,3
10412031,3
10412032,3
10412033,3
10412034,3
10412035,3
10412036,3
10412037,3
10412038,3
10412039,3
10412040,3
10412041,3
10412042,3
10412043,3
10412044,3
10412045,3
10412046,3
10412047,3
10412048,3
10412049,3
10412050,3
10412051,3
10412052,3
10412053,3
10412054,3
10412055,3
10412056,3
10412057,3
10412058,3
10412059,3
10412060,3
10412061,3
10412062,3
10412063,3
10412064,3
10412065,3
10412066,3
10412067,3
10412068,3
10412069,3
10412070,3
10412071,3
10412072,3
10412073,3
10412074,3
10412075,3
10412076,3
10412077,3
10412078,3
10412079,3
10412080,3
10412081,3
10412082,3
10412083,3
10412084,3
10412085,3
10412086,3
10412087,3
10412088,3
10412089,3
10412090,3
10412091,3
10412092,3
10412093,3
10412094,3
10412095,3
10412096,3
10412101,3
10412102,3
10412103,3
10412104,3
10413001,2
10413002,2
10413003,2
10413004,2
10413005,2
10413006,2
10413007,2
10413008,2
10413009,2
10413010,2
10413011,2
10413012,2
10413013,2
10413014,2
10413015,2
10413016,2
10413017,2
10413018,2
10413019,2
10413020,2
10413021,2
10413022,2
10413023,2
10413024,2
10413025,2
10413026,2
10413027,2
10413028,2
10413029,2
10413030,2
10413031,2
10413032,2
10413033,2
10413034,2
10413035,2
10413036,2
10413037,2
10413038,2
10413039,2
10413040,2
10413041,2
10413042,2
10413043,2
10413044,2
10413045,2
10413046,2
10413047,2
10413048,2
10413049,2
10413050,2
10413051,2
10413052,2
10413053,2
10413054,2
10413055,2
10413056,2
10413057,2
10413058,2
10413059,2
10413060,2
10413061,2
10413062,2
10413063,2
10413064,2
10413065,2
10413066,2
10413067,2
10413068,2
10413069,2
10413070,2
10413071,2
10413072,2
10413073,2
10413074,2
10413075,2
10413076,2
10413077,2
10413078,2
10413079,2
10413080,2
10413081,2
10413082,2
10413083,2
10413084,2
10413085,2
10413086,2
10413087,2
10413088,2
10413089,2
10413090,2
10413091,2
10413092,2
10413093,2
10413094,2
10413095,2
10413096,2
10413097,2
10413098,2
10413099,2
10413100,2
10413101,2
10413106,6
10413107,2
10413108,2
10413109,2
10414001,14
10414002,14
10414003,14
10414004,14
10414005,14
10414006,14
10414007,14
10414008,14
10414009,14
10414010,14
10414011,14
10414012,14
10414013,14
10414014,14
10414015,14
10414016,14
10414017,14
10414018,14
10414019,14
10414020,14
10414021,14
10414022,14
10414023,14
10414024,14
10414025,14
10414026,14
10414027,14
10414028,14
10414029,14
10414030,14
10414031,14
10414032,14
10414033,14
10414034,14
10414035,14
10414036,14
10414037,14
10414038,14
10414039,14
10414040,14
10414041,14
10414042,14
10414043,14
10414044,14
10414045,14
10414046,14
10414047,14
10414048,14
10414049,14
10414050,14
10414051,14
10414052,14
10414053,14
10414054,14
10414541,14
10414542,14
10414543,14
10414544,14
10414551,14
10414552,14
10414553,14
10414554,14
10414561,14
10414562,14
10414563,14
10414564,14
10414641,14
10414642,14
10414643,14
10414644,14
10414651,14
10414652,14
10414653,14
10414654,14
10414661,14
10414662,14
10414663,14
10414664,14
10414741,14
10414742,14
10414743,14
10414744,14
10414751,14
10414752,14
10414753,14
10414754,14
10414761,14
10414762,14
10414763,14
10414764,14
10414841,14
10414842,14
10414843,14
10414844,14
10414851,14
10414852,14
10414853,14
10414854,14
10414861,14
10414862,14
10414863,14
10414864,14
10414941,14
10414942,14
10414943,14
10414944,14
10414951,14
10414952,14
10414953,14
10414954,14
10414961,14
10414962,14
10414963,14
10414964,14
10415001,15
10415002,15
10415003,15
10415004,15
10415005,15
10415006,15
10415007,15
10415008,15
10415009,15
10415010,15
10415011,15
10415012,15
10415013,15
10415014,15
10415015,15
10415016,15
10415017,15
10415018,15
10415019,15
10415020,15
10415021,15
10415022,15
10415023,15
10415024,15
10415025,15
10415026,15
10415027,15
10415028,15
10415029,15
10415030,15
10415031,15
10415032,15
10415033,15
10415034,15
10415035,15
10415036,15
10415037,15
10415038,15
10415039,15
10415040,15
10415041,15
10415042,15
10415043,15
10415044,15
10415045,15
10415046,15
10415047,15
10415048,15
10415049,15
10415050,15
10415051,15
10415052,15
10415053,15
10415054,15
10415541,15
10415542,15
10415543,15
10415544,15
10415551,15
10415552,15
10415553,15
10415554,15
10415561,15
10415562,15
10415563,15
10415564,15
10415641,15
10415642,15
10415643,15
10415644,15
10415651,15
10415652,15
10415653,15
10415654,15
10415661,15
10415662,15
10415663,15
10415664,15
10415741,15
10415742,15
10415743,15
10415744,15
10415751,15
10415752,15
10415753,15
10415754,15
10415761,15
10415762,15
10415763,15
10415764,15
10415841,15
10415842,15
10415843,15
10415844,15
10415851,15
10415852,15
10415853,15
10415854,15
10415861,15
10415862,15
10415863,15
10415864,15
10415941,15
10415942,15
10415943,15
10415944,15
10415951,15
10415952,15
10415953,15
10415954,15
10415961,15
10415962,15
10415963,15
10415964,15
10416001,0
10416002,0
10416003,0
10416004,0
10416005,0
10416006,0
10416007,0
10416008,0
10416009,0
10416010,0
10416011,0
10416012,0
10416013,0
10416014,0
10416015,0
10416016,0
10417007,0
10417008,0
10417009,0
10417010,0
10417011,0
10417012,0
10417013,0
10417014,0
10417015,0
10417016,0
10420001,7
10420002,7
10420003,7
10420004,7
10420005,7
10420006,7
10420007,7
10420008,7
10420009,7
10420010,7
10420011,7
10420012,7
10420013,7
10420014,7
10420015,7
10420016,7
10420017,7
10420018,7
10420019,7
10420020,7
10420021,15
10420022,7
10420023,7
10420024,7
10420025,7
10420026,7
10420027,7
10420028,7
10420029,7
10420030,7
10420031,7
10420032,7
10420033,7
10420034,7
10420035,7
10420036,7
10420037,7
10420038,7
10420039,7
10420040,7
10420041,7
10420042,7
10420043,7
10420044,7
10420045,7
10420046,7
10420047,7
10420048,7
10420049,7
10420050,7
10420051,7
10420052,7
10420053,7
10420054,7
10420055,7
10420056,7
10420057,7
10420058,7
10420059,7
10420060,7
10420061,7
10420062,7
10420063,7
10420064,7
10420065,7
10420066,7
10420067,7
10420068,7
10420069,7
10420070,7
10420071,7
10420072,7
10420073,7
10420074,7
10420075,7
10420076,7
10420077,7
10420078,7
10420079,7
10420080,7
10420081,7
10420082,7
10420083,7
10420084,7
10420085,7
10420086,7
10420087,7
10420095,7
10420096,7
10420097,7
10420098,7
10421001,5
10421002,5
10421003,5
10421004,5
10421005,5
10421006,5
10421007,5
10421008,5
10421009,5
10421010,5
10421011,5
10421012,5
10421013,5
10421014,5
10421015,5
10421016,5
10421017,5
10421018,5
10421019,5
10421020,5
10421021,5
10421022,5
10421023,5
10421024,5
10421025,5
10421026,5
10421027,5
10421028,5
10421029,5
10421030,5
10421031,5
10421032,5
10421033,5
10421034,5
10421035,5
10421036,5
10421037,5
10421038,5
10421039,5
10421040,5
10421041,5
10421042,5
10421043,5
10421044,5
10421045,5
10421046,5
10421047,5
10421048,5
10421049,5
10421050,5
10421051,5
10421052,5
10421053,5
10421054,5
10421055,5
10421056,5
10421057,5
10421058,5
10421059,5
10421060,5
10421061,5
10421062,5
10421063,5
10421064,5
10421065,5
10421066,5
10421067,5
10421068,5
10421069,5
10421070,5
10421071,5
10421072,5
10421073,5
10421074,5
10421075,5
10421076,5
10421077,5
10421078,5
10421079,5
10421080,5
10421081,5
10421082,5
10421083,5
10421084,5
10421085,5
10421086,5
10421087,5
10421088,5
10421089,5
10421090,5
10421091,5
10421541,5
10421542,5
10421543,5
10421544,5
10421551,5
10421552,5
10421553,5
10421554,5
10421561,5
10421562,5
10421563,5
10421564,5
10421641,5
10421642,5
10421643,5
10421644,5
10421651,5
10421652,5
10421653,5
10421654,5
10421661,5
10421662,5
10421663,5
10421664,5
10421741,5
10421742,5
10421743,5
10421744,5
10421751,5
10421752,5
10421753,5
10421754,5
10421761,5
10421762,5
10421763,5
10421764,5
10421841,5
10421842,5
10421843,5
10421844,5
10421851,5
10421852,5
10421853,5
10421854,5
10421861,5
10421862,5
10421863,5
10421864,5
10421941,5
10421942,5
10421943,5
10421944,5
10421951,5
10421952,5
10421953,5
10421954,5
10421961,5
10421962,5
10421963,5
10421964,5
10421965,5
10421966,5
10421967,5
10421968,5
10421969,5
10422001,6
10422002,6
10422003,6
10422004,6
10422005,6
10422006,6
10422007,6
10422008,6
10422009,6
10422010,6
10422011,6
10422012,6
10422013,6
10422014,6
10422015,6
10422017,6
10422018,6
10422019,6
10422020,6
10422021,6
10422022,6
10422023,6
10422024,6
10422025,6
10422026,6
10422027,6
10422028,6
10422029,6
10422030,6
10422031,6
10422032,6
10422033,6
10422034,6
10422035,6
10422036,6
10422037,6
10422038,6
10422039,6
10422040,6
10422041,6
10422042,6
10422043,6
10422044,6
10422045,6
10422046,6
10422047,6
10422048,6
10422049,6
10422050,6
10422051,6
10422052,6
10422053,6
10422054,6
10422055,6
10422056,6
10422057,6
10422058,6
10422059,6
10422060,6
10422061,6
10422062,6
10422063,6
10422064,6
10422065,6
10422066,6
10422067,6
10422068,6
10422069,6
10422070,6
10422071,6
10422072,6
10422073,6
10422074,6
10422075,6
10422076,6
10422077,6
10422078,6
10422079,6
10422080,6
10422081,6
10422082,6
10422083,6
10422084,6
10422085,6
10422086,6
10422087,6
10422088,6
10422089,6
10422090,6
10422091,6
10422092,6
10422093,6
10422094,6
10422095,6
10422096,6
10422097,6
10422098,6
10422099,6
10422100,6
10422101,6
10422102,6
10422103,6
10422104,6
10422105,6
10422106,6
10422107,6
10422108,6
10422109,6
10422110,6
10422111,6
10422112,6
10422113,6
10422114,6
10422115,6
10422116,6
10422117,6
10422118,6
10422119,6
10422120,6
10422121,6
10422122,6
10422123,6
10422124,6
10422125,6
10422126,6
10422127,6
10422128,6
10422129,6
10422130,6
10422131,6
10422132,6
10422133,6
10422134,6
10422135,6
10422136,6
10422137,6
10422138,6
10422139,6
10422140,6
10422141,6
10422142,6
10422143,6
10422144,6
10422145,6
10422146,6
10422147,6
10422148,6
10422151,6
10422152,6
10422153,6
10422156,6
10422157,6
10422159,6
10422160,6
10422161,6
10422162,6
10422163,6
10423001,12
10423002,12
10423003,12
10423004,12
10423005,12
10423006,12
10423007,12
10423008,12
10423009,12
10423010,12
10423011,12
10423012,12
10423013,12
10423014,12
10423015,12
10423016,12
10423017,12
10423018,12
10423019,12
10423020,12
10423021,12
10423022,12
10423023,12
10423027,12
10423028,12
10423029,12
10423030,12
10423031,12
10423032,12
10423033,12
10423034,12
10423035,12
10423036,12
10423037,12
10423038,12
10423039,12
10423040,12
10423041,12
10423042,12
10423043,12
10423044,12
10423045,12
10423046,12
10423047,12
10423048,12
10423049,12
10423050,12
10423051,12
10423052,12
10423053,12
10423054,12
10423055,12
10423056,12
10423057,12
10423058,12
10423059,12
10423060,12
10423061,12
10423062,12
10423065,12
10423066,12
10423069,12
10423070,12
10423071,12
10423072,12
10423073,12
10423074,12
10423075,12
10423078,12
10423079,12
10430001,0
10430002,0
10430003,0
10430004,0
10430005,0
10430006,0
10430007,0
10430008,0
10430009,0
10430010,0
10430011,0
10430012,0
10430013,0
10430014,0
10430015,0
10430016,0
10430017,0
10430018,0
10430019,0
10430020,0
10430021,0
10430022,0
10430023,0
10430024,0
10430025,0
10430026,0
10430027,0
10430028,0
10430029,0
10430030,0
10430031,0
10430032,0
10430033,0
10430034,0
10430035,0
10430036,0
10430037,0
10430038,0
10430039,0
10430040,0
10430041,0
10430042,0
10430043,0
10430044,0
10430045,0
10430046,0
10430047,0
10430048,0
10430049,0
10430050,0
10430051,0
10430052,0
10430053,0
10430054,0
10430055,0
10430056,0
10430057,0
10430058,0
10430059,0
10430060,0
10430061,0
10430062,0
10430063,0
10430064,0
10430065,0
10430066,0
10430067,0
10430068,0
10430069,0
10430070,0
10430071,0
10430072,0
10430073,0
10430074,0
10430075,0
10430076,0
10430077,0
10430078,0
10430079,0
10430080,0
10430081,0
10430082,0
10430083,0
10430084,0
10430085,0
10430086,0
10430087,0
10430088,0
10430089,0
10430090,0
10430091,0
10430092,0
10430093,0
10430094,0
10430095,0
10430096,0
10430097,0
10430098,0
10430099,0
10430100,0
10430101,0
10430102,0
10430103,0
10430104,0
10430105,0
10430106,0
10430107,0
10430108,0
10430109,0
10430110,0
10430111,0
10430112,0
10430113,0
10430114,0
10430115,0
10430116,0
10430117,0
10430118,0
10430119,0
10430120,0
10430121,0
10430122,0
10430123,0
10430124,0
10430125,0
10430126,0
10430127,0
10430128,0
10430129,0
10430130,0
10430131,0
10430132,0
10430133,0
10430134,0
10430135,0
10430136,0
10430137,0
10430138,0
10430139,0
10430140,0
10430141,0
10430142,0
10430143,0
10430144,0
10430145,0
10430146,0
10430147,0
10430148,0
10430149,0
10430150,0
10430151,0
10430152,0
10430153,0
10430154,0
10430155,0
10430156,0
10430157,0
10430158,0
10430159,0
10430160,0
10430161,0
10430162,0
10430163,0
10430164,0
10430165,0
10430166,0
10430167,0
10430168,0
10430169,0
10430170,0
10430171,0
10430172,0
10430173,0
10430174,0
10430175,0
10430176,0
10430177,0
10430178,0
10430179,0
10430180,0
10430181,0
10430182,0
10430183,0
10430184,0
10430185,0
10430186,0
10430187,0
10430188,0
10430189,0
10430190,0
10430191,0
10430192,0
10430193,0
10430194,0
10430195,0
10430196,0
10430197,0
10430198,0
10430199,0
10430200,0
10430201,0
10430202,0
10430203,0
10430204,0
10430205,0
10430206,0
10430207,0
10430208,0
10430209,0
10430210,0
10430211,0
10430212,0
10430213,0
10430214,0
10430215,0
10430216,0
10430217,0
10430218,0
10430219,0
10430220,0
10430221,0
10430222,0
10430223,0
10430224,0
10430225,0
10430226,0
10430227,0
10430228,0
10430229,0
10430230,0
10430231,0
10430232,0
10430233,0
10430234,0
10430235,0
10430236,0
10430237,0
10430238,0
10430239,0
10430240,0
10430241,0
10430242,0
10430243,0
10430244,0
10430245,0
10430246,0
10430247,0
10430248,0
10430249,0
10430250,0
10430251,0
10430252,0
10430253,0
10430254,0
10430255,0
10430256,0
10430257,0
10430258,0
10430259,0
10430260,0
10430261,0
10430262,0
10430263,0
10430264,0
10430265,0
10430266,0
10430267,0
10430268,0
10430269,0
10430270,0
10430271,0
10430272,0
10430273,0
10430274,0
10430275,0
10430276,0
10430277,0
10430278,0
10430279,0
10430280,0
10430281,0
10430282,0
10430283,0
10430284,0
10430285,0
10430286,0
10430287,0
10430288,0
10430289,0
10430290,0
10430291,0
10430292,0
10430293,0
10430294,0
10430295,0
10430296,0
10430297,0
10430298,0
10430299,0
10430300,0
10430307,0
10430308,0
10430309,0
10430310,0
10430311,0
10430312,0
10430313,0
10430314,0
10430315,0
10430316,0
10430317,0
10430318,0
10430319,0
10430320,0
10430321,0
10430322,0
10430323,0
10430324,0
10430325,0
10430326,0
10430327,0
10430328,0
10430329,0
10430330,0
10430331,0
10430332,0
10430333,0
10430334,0
10430335,0
10430336,0
10430337,0
10430338,0
10430339,0
10430340,0
10430341,0
10430342,0
10430343,0
10430344,0
10430345,0
10430346,0
10430347,0
10430348,0
10430349,0
10430350,0
10430351,0
10430352,0
10430353,0
10430354,0
10430355,0
10430356,0
10430357,0
10430358,0
10430359,0
10430360,0
10430361,0
10430362,0
10430363,0
10430364,0
10430365,0
10430366,0
10430367,0
10430368,0
10430369,0
10430370,0
10430371,0
10430372,0
10430373,0
10430374,0
10430375,0
10430376,0
10430377,0
10430378,0
10430379,0
10430380,0
10430381,0
10430382,0
10430383,0
10430384,0
10430385,0
10430386,0
10430387,0
10430388,0
10430389,0
10430390,0
10430391,0
10430392,0
10430393,0
10430394,0
10430395,0
10430396,0
10430397,0
10430398,0
10430399,0
10430400,0
10430401,0
10431001,0
10431002,0
10431003,0
10431004,0
10431005,0
10431006,0
10431007,0
10431008,0
10431009,0
10431010,0
10431011,0
10431012,0
10431013,0
10431014,0
10431015,0
10431016,0
10431017,0
10431018,0
10431019,0
10431020,0
10431021,0
10431022,0
10431023,0
10431024,0
10431025,0
10431026,0
10431027,0
10431028,0
10431029,0
10431030,0
10431031,0
10431032,0
10431033,0
10431034,0
10431035,0
10431036,0
10431037,0
10431038,0
10431039,0
10431040,0
10431041,0
10431042,0
10431043,0
10431044,0
10431045,0
10431046,0
10431047,0
10431048,0
10431049,0
10431050,0
10431051,0
10431052,0
10431053,0
10431054,0
10431055,0
10431056,0
10431057,0
10431058,0
10431059,0
10431060,0
10431061,0
10431062,0
10431063,0
10431064,0
10431065,0
10431066,0
10431067,0
10431068,0
10431069,0
10431070,0
10431071,0
10431072,0
10431073,0
10431074,0
10431075,0
10431076,0
10431077,0
10431078,0
10431079,0
10431080,0
10431081,0
10431082,0
10431083,0
10431084,0
10431085,0
10431086,0
10431087,0
10431088,0
10431089,0
10431090,0
10431091,0
10431092,0
10431093,0
10431094,0
10431095,0
10431096,0
10431097,0
10431098,0
10431099,0
10431100,0
10431101,0
10431102,0
10431103,0
10431104,0
10431105,0
10431106,0
10431107,0
10431108,0
10431109,0
10431110,0
10431111,0
10431112,0
10431113,0
10431114,0
10431115,0
10431116,0
10431117,0
10431118,0
10431119,0
10431120,0
10431121,0
10431122,0
10431123,0
10431124,0
10431125,0
10431126,0
10431127,0
10431128,0
10431129,0
10431130,0
10431131,0
10431132,0
10431133,0
10431134,0
10431135,0
10431136,0
10431137,0
10431138,0
10431139,0
10431140,0
10431141,0
10431142,0
10431143,0
10431144,0
10431145,0
10431146,0
10431147,0
10431148,0
10431149,0
10431150,0
10431151,0
10431152,0
10431153,0
10431154,0
10431155,0
10431156,0
10431157,0
10431158,0
10431159,0
10431160,0
10431161,0
10431162,0
10431163,0
10431164,0
10431165,0
10431166,0
10431167,0
10431168,0
10431169,0
10431170,0
10431171,0
10431172,0
10431173,0
10431174,0
10431175,0
10431176,0
10431177,0
10431178,0
10431179,0
10431180,0
10431181,0
10431182,0
10431183,0
10431184,0
10431185,0
10431186,0
10431187,0
10431188,0
10431189,0
10431190,0
10431191,0
10431192,0
10431193,0
10431194,0
10431195,0
10431196,0
10431197,0
10431198,0
10431199,0
10431200,0
10431201,0
10431202,0
10431203,0
10431204,0
10431205,0
10431206,0
10431207,0
10431208,0
10431209,0
10431210,0
10431211,0
10431212,0
10431213,0
10431214,0
10431215,0
10431216,0
10431217,0
10431218,0
10431219,0
10431220,0
10431221,0
10431222,0
10431223,0
10431224,0
10431225,0
10431226,0
10431227,0
10431228,0
10431229,0
10431230,0
10431231,0
10431232,0
10431233,0
10431234,0
10431235,0
10431236,0
10431237,0
10431238,0
10431239,0
10431240,0
10431241,0
10431242,0
10431243,0
10431244,0
10431245,0
10431246,0
10431247,0
10431248,0
10431249,0
10431250,0
10431251,0
10431252,0
10431253,0
10431254,0
10431255,0
10431256,0
10431257,0
10431258,0
10431259,0
10431260,0
10431261,0
10431262,0
10431263,0
10431264,0
10431265,0
10431266,0
10431267,0
10431268,0
10431269,0
10431270,0
10431271,0
10431272,0
10431273,0
10431274,0
10431275,0
10431276,0
10431277,0
10431278,0
10431279,0
10431280,0
10431281,0
10431282,0
10431283,0
10431284,0
10431285,0
10431286,0
10431287,0
10431288,0
10431289,0
10431290,0
10431291,0
10431292,0
10431293,0
10431294,0
10431295,0
10431296,0
10431297,0
10431298,0
10431299,0
10431300,0
10431301,0
10431302,0
10431303,0
10431304,0
10431305,0
10431306,0
10431307,0
10431308,0
10431309,0
10431310,0
10431311,0
10431312,0
10431313,0
10431314,0
10431315,0
10431316,0
10431317,0
10431318,0
10431319,0
10431320,0
10431321,0
10431322,0
10431323,0
10431324,0
10431325,0
10431326,0
10431327,0
10431328,0
10431329,0
10431330,0
10431331,0
10431332,0
10431333,0
10431334,0
10431335,0
10431336,0
10431337,0
10431338,0
10431339,0
10431340,0
10431341,0
10431342,0
10431343,0
10431344,0
10431345,0
10431346,0
10431347,0
10431348,0
10431349,0
10431350,0
10431351,0
10431352,0
10431353,0
10431354,0
10431355,0
10431356,0
10431357,0
10431358,0
10431359,0
10431360,0
10431361,0
10431362,0
10431363,0
10431364,0
10431365,0
10431366,0
10431367,0
10431368,0
10431369,0
10431370,0
10431371,0
10431372,0
10431373,0
10431374,0
10431375,0
10431376,0
10431377,0
10431378,0
10431379,0
10431380,0
10431381,0
10431382,0
10431383,0
10431384,0
10431385,0
10431386,0
10431387,0
10431388,0
10431389,0
10431390,0
10431391,0
10431392,0
10431393,0
10431394,0
10431395,0
10431396,0
10431397,0
10431398,0
10431399,0
10431400,0
10431401,0
10431402,0
10432001,0
10432002,0
10432003,0
10432004,0
10432005,0
10432006,0
10432007,0
10432008,0
10432009,0
10432010,0
10432011,0
10432012,0
10432013,0
10432014,0
10432015,0
10432016,0
10432017,0
10432018,0
10432019,0
10432020,0
10432021,0
10432022,0
10432023,0
10432024,0
10432025,0
10432026,0
10432027,0
10432028,0
10432029,0
10432030,0
10432031,0
10432032,0
10432033,0
10432034,0
10432035,0
10432036,0
10432037,0
10432038,0
10432039,0
10432040,0
10432041,0
10432042,0
10432043,0
10432044,0
10432045,0
10432046,0
10432047,0
10432048,0
10432049,0
10432050,0
10432051,0
10432052,0
10432053,0
10432054,0
10432055,0
10432056,0
10432057,0
10432058,0
10432059,0
10432060,0
10432061,0
10432062,0
10432063,0
10432064,0
10432065,0
10432066,0
10432067,0
10432068,0
10432069,0
10432070,0
10432071,0
10432072,0
10432073,0
10432074,0
10432075,0
10432076,0
10432077,0
10432078,0
10432079,0
10432080,0
10432081,0
10432082,0
10432083,0
10432084,0
10432085,0
10432086,0
10432087,0
10432088,0
10432089,0
10432090,0
10432091,0
10432092,0
10432093,0
10432094,0
10432095,0
10432096,0
10432097,0
10432098,0
10432099,0
10432100,0
10432101,0
10432102,0
10432103,0
10432104,0
10432105,0
10432106,0
10432107,0
10432108,0
10432109,0
10432110,0
10432111,0
10432112,0
10432113,0
10432114,0
10432115,0
10432116,0
10432117,0
10432118,0
10432119,0
10432120,0
10432121,0
10432122,0
10432123,0
10432124,0
10432125,0
10432126,0
10432127,0
10432128,0
10432129,0
10432130,0
10432131,0
10432132,0
10432133,0
10432134,0
10432135,0
10432136,0
10432137,0
10432138,0
10432139,0
10432140,0
10432141,0
10432142,0
10432143,0
10432144,0
10432145,0
10432146,0
10432147,0
10432148,0
10432149,0
10432150,0
10432151,0
10432152,0
10432153,0
10432154,0
10432155,0
10432156,0
10432157,0
10432158,0
10432159,0
10432160,0
10432161,0
10432162,0
10432163,0
10432164,0
10432165,0
10432166,0
10432167,0
10432168,0
10432169,0
10432170,0
10432171,0
10432172,0
10432173,0
10432174,0
10432175,0
10432176,0
10432177,0
10432178,0
10432179,0
10432180,0
10432181,0
10432182,0
10432183,0
10432184,0
10432185,0
10432186,0
10432187,0
10432188,0
10432189,0
10432190,0
10432191,0
10432192,0
10432193,0
10432194,0
10432195,0
10432196,0
10432197,0
10432198,0
10432199,0
10432200,0
10432201,0
10432202,0
10432203,0
10432204,0
10432205,0
10432206,0
10432207,0
10432208,0
10432209,0
10432210,0
10432211,0
10432212,0
10432213,0
10432214,0
10432215,0
10432216,0
10432217,0
10432218,0
10432219,0
10432220,0
10432221,0
10432222,0
10432223,0
10432224,0
10432225,0
10432226,0
10432227,0
10432228,0
10432229,0
10432230,0
10432231,0
10432232,0
10432233,0
10432234,0
10432235,0
10432236,0
10432237,0
10432238,0
10432239,0
10432240,0
10432241,0
10432242,0
10432243,0
10432244,0
10432245,0
10432246,0
10432247,0
10432248,0
10432249,0
10432250,0
10432251,0
10432252,0
10432253,0
10432254,0
10432255,0
10432256,0
10432257,0
10432258,0
10432259,0
10432260,0
10432261,0
10432262,0
10432263,0
10432264,0
10432265,0
10432266,0
10432267,0
10432268,0
10432269,0
10432270,0
10432271,0
10432272,0
10432273,0
10432274,0
10432275,0
10432276,0
10432277,0
10432278,0
10432279,0
10432280,0
10432281,0
10432282,0
10432283,0
10432284,0
10432285,0
10432286,0
10432287,0
10432288,0
10432289,0
10432290,0
10432291,0
10432292,0
10432293,0
10432294,0
10432295,0
10432296,0
10432297,0
10432298,0
10432299,0
10432300,0
10432301,0
10432302,0
10432303,0
10432304,0
10432305,0
10432306,0
10432307,0
10432308,0
10432309,0
10432310,0
10432311,0
10432312,0
10432313,0
10432314,0
10432315,0
10432316,0
10432317,0
10432318,0
10432319,0
10432320,0
10432321,0
10432322,0
10432323,0
10432324,0
10432325,0
10432326,0
10432327,0
10432328,0
10432329,0
10432330,0
10432331,0
10432332,0
10432333,0
10432334,0
10432335,0
10432336,0
10432337,0
10432338,0
10432339,0
10432340,0
10432341,0
10432342,0
10432343,0
10432344,0
10432345,0
10432346,0
10432347,0
10432348,0
10432349,0
10432350,0
10432351,0
10432352,0
10432353,0
10432354,0
10432355,0
10432356,0
10432357,0
10432358,0
10432359,0
10432360,0
10432361,0
10432362,0
10432363,0
10432364,0
10432365,0
10432366,0
10432367,0
10432368,0
10432369,0
10432370,0
10432371,0
10432372,0
10432373,0
10432374,0
10432375,0
10432376,0
10432377,0
10432378,0
10432379,0
10432380,0
10432381,0
10432382,0
10432383,0
10432384,0
10432385,0
10432386,0
10432387,0
10432388,0
10432389,0
10432390,0
10432391,0
10432392,0
10432393,0
10432394,0
10432395,0
10432396,0
10432397,0
10432398,0
10432399,0
10432400,0
10432401,0
10432402,0
10433001,0
10433002,0
10433003,0
10433004,0
10433005,0
10433006,0
10433007,0
10433008,0
10433009,0
10433010,0
10433011,0
10433012,0
10433013,0
10433014,0
10433015,0
10433016,0
10433017,0
10433018,0
10433019,0
10433020,0
10433021,0
10433022,0
10433023,0
10433024,0
10433025,0
10433026,0
10433027,0
10433028,0
10433029,0
10433030,0
10433031,0
10433032,0
10433033,0
10433034,0
10433035,0
10433036,0
10433037,0
10433038,0
10433039,0
10433040,0
10433041,0
10433042,0
10433043,0
10433044,0
10433045,0
10433046,0
10433047,0
10433048,0
10433049,0
10433050,0
10433051,0
10433052,0
10433053,0
10433054,0
10433055,0
10433056,0
10433057,0
10433058,0
10433059,0
10433060,0
10433061,0
10433062,0
10433063,0
10433064,0
10433065,0
10433066,0
10433067,0
10433068,0
10433069,0
10433070,0
10433071,0
10433072,0
10433073,0
10433074,0
10433075,0
10433076,0
10433077,0
10433078,0
10433079,0
10433080,0
10433081,0
10433082,0
10433083,0
10433084,0
10433085,0
10433086,0
10433087,0
10433088,0
10433089,0
10433090,0
10433091,0
10433092,0
10433093,0
10433094,0
10433095,0
10433096,0
10433097,0
10433098,0
10433099,0
10433100,0
10433101,0
10433102,0
10433103,0
10433104,0
10433105,0
10433106,0
10433107,0
10433108,0
10433109,0
10433110,0
10433111,0
10433112,0
10433113,0
10433114,0
10433115,0
10433116,0
10433117,0
10433118,0
10433119,0
10433120,0
10433121,0
10433122,0
10433123,0
10433124,0
10433125,0
10433126,0
10433127,0
10433128,0
10433129,0
10433130,0
10433131,0
10433132,0
10433133,0
10433134,0
10433135,0
10433136,0
10433137,0
10433138,0
10433139,0
10433140,0
10433141,0
10433142,0
10433143,0
10433144,0
10433145,0
10433146,0
10433147,0
10433148,0
10433149,0
10433150,0
10433151,0
10433152,0
10433153,0
10433154,0
10433155,0
10433156,0
10433157,0
10433158,0
10433159,0
10433160,0
10433161,0
10433162,0
10433163,0
10433164,0
10433165,0
10433166,0
10433167,0
10433168,0
10433169,0
10433170,0
10433171,0
10433172,0
10433173,0
10433174,0
10433175,0
10433176,0
10433177,0
10433178,0
10433179,0
10433180,0
10433181,0
10433182,0
10433183,0
10433184,0
10433185,0
10433186,0
10433187,0
10433188,0
10433189,0
10433190,0
10433191,0
10433192,0
10433193,0
10433194,0
10433195,0
10433196,0
10433197,0
10433198,0
10433199,0
10433200,0
10433201,0
10433202,0
10433203,0
10433204,0
10433205,0
10433206,0
10433207,0
10433208,0
10433209,0
10433210,0
10433211,0
10433212,0
10433213,0
10433214,0
10433215,0
10433216,0
10433217,0
10433218,0
10433219,0
10433220,0
10433221,0
10433222,0
10433223,0
10433224,0
10433225,0
10433226,0
10433227,0
10433228,0
10433229,0
10433230,0
10433231,0
10433232,0
10433233,0
10433234,0
10433235,0
10433236,0
10433237,0
10433238,0
10433239,0
10433240,0
10433241,0
10433242,0
10433243,0
10433244,0
10433245,0
10433246,0
10433247,0
10433248,0
10433249,0
10433250,0
10433251,0
10433252,0
10433253,0
10433254,0
10433255,0
10433256,0
10433257,0
10433258,0
10433259,0
10433260,0
10433261,0
10433262,0
10433263,0
10433264,0
10433265,0
10433266,0
10433267,0
10433268,0
10433269,0
10433270,0
10433271,0
10433272,0
10433273,0
10433274,0
10433275,0
10433276,0
10433277,0
10433278,0
10433279,0
10433280,0
10433281,0
10433282,0
10433283,0
10433284,0
10433285,0
10433286,0
10433287,0
10433288,0
10433289,0
10433290,0
10433291,0
10433292,0
10433293,0
10433294,0
10433295,0
10433296,0
10433297,0
10433298,0
10433299,0
10433300,0
10433301,0
10433302,0
10433303,0
10433304,0
10433305,0
10433306,0
10433307,0
10433308,0
10433309,0
10433310,0
10433311,0
10433312,0
10433313,0
10433314,0
10433315,0
10433316,0
10433317,0
10433318,0
10433319,0
10433320,0
10433321,0
10433322,0
10433323,0
10433324,0
10433325,0
10433326,0
10433327,0
10433328,0
10433329,0
10433330,0
10433331,0
10433332,0
10433333,0
10433334,0
10433335,0
10433336,0
10433337,0
10433338,0
10433339,0
10433340,0
10433341,0
10433342,0
10433343,0
10433344,0
10433345,0
10433346,0
10433347,0
10433348,0
10433349,0
10433350,0
10433351,0
10433352,0
10433353,0
10433354,0
10433355,0
10433356,0
10433357,0
10433358,0
10433359,0
10433360,0
10433361,0
10433362,0
10433363,0
10433364,0
10433365,0
10433366,0
10433367,0
10433368,0
10433369,0
10433370,0
10433371,0
10433372,0
10433373,0
10433374,0
10433375,0
10433376,0
10433377,0
10433378,0
10433379,0
10433380,0
10433381,0
10433382,0
10433383,0
10433384,0
10433385,0
10433386,0
10433387,0
10433388,0
10433389,0
10433390,0
10433391,0
10433392,0
10433393,0
10433394,0
10433395,0
10433396,0
10433397,0
10433398,0
10433399,0
10433400,0
10433401,0
10434001,0
10434002,0
10434003,0
10434004,0
10434005,0
10434006,0
10434007,0
10434008,0
10434009,0
10434010,0
10434011,0
10434012,0
10434013,0
10434014,0
10434015,0
10434016,0
10434017,0
10434018,0
10434019,0
10434020,0
10434021,0
10434022,0
10434023,0
10434024,0
10434025,0
10434026,0
10434027,0
10434028,0
10434029,0
10434030,0
10434031,0
10434032,0
10434033,0
10434034,0
10434035,0
10434036,0
10434037,0
10434038,0
10434039,0
10434040,0
10434041,0
10434042,0
10434043,0
10434044,0
10434045,0
10434046,0
10434047,0
10434048,0
10434049,0
10434050,0
10434051,0
10434052,0
10434053,0
10434054,0
10434055,0
10434056,0
10434057,0
10434058,0
10434059,0
10434060,0
10434061,0
10434062,0
10434063,0
10434064,0
10434065,0
10434066,0
10434067,0
10434068,0
10434069,0
10434070,0
10434071,0
10434072,0
10434073,0
10434074,0
10434075,0
10434076,0
10434077,0
10434078,0
10434079,0
10434080,0
10434081,0
10434082,0
10434083,0
10434084,0
10434085,0
10434086,0
10434087,0
10434088,0
10434089,0
10434090,0
10434091,0
10434092,0
10434093,0
10434094,0
10434095,0
10434096,0
10434097,0
10434098,0
10434099,0
10434100,0
10434101,0
10434102,0
10434103,0
10434104,0
10434105,0
10434106,0
10434107,0
10434108,0
10434109,0
10434110,0
10434111,0
10434112,0
10434113,0
10434114,0
10434115,0
10434116,0
10434117,0
10434118,0
10434119,0
10434120,0
10434121,0
10434122,0
10434123,0
10434124,0
10434125,0
10434126,0
10434127,0
10434128,0
10434129,0
10434130,0
10434131,0
10434132,0
10434133,0
10434134,0
10434135,0
10434136,0
10434137,0
10434138,0
10434139,0
10434140,0
10434141,0
10434142,0
10434143,0
10434144,0
10434145,0
10434146,0
10434147,0
10434148,0
10434149,0
10434150,0
10434151,0
10434152,0
10434153,0
10434154,0
10434155,0
10434156,0
10434157,0
10434158,0
10434159,0
10434160,0
10434161,0
10434162,0
10434163,0
10434164,0
10434165,0
10434166,0
10434167,0
10434168,0
10434169,0
10434170,0
10434171,0
10434172,0
10434173,0
10434174,0
10434175,0
10434176,0
10434177,0
10434178,0
10434179,0
10434180,0
10434181,0
10434182,0
10434183,0
10434184,0
10434185,0
10434186,0
10434187,0
10434188,0
10434189,0
10434190,0
10434191,0
10434192,0
10434193,0
10434194,0
10434195,0
10434196,0
10434197,0
10434198,0
10434199,0
10434200,0
10434201,0
10434202,0
10434203,0
10434204,0
10434205,0
10434206,0
10434207,0
10434208,0
10434209,0
10434210,0
10434211,0
10434212,0
10434213,0
10434214,0
10434215,0
10434216,0
10434217,0
10434218,0
10434219,0
10434220,0
10434221,0
10434222,0
10434223,0
10434224,0
10434225,0
10434226,0
10434227,0
10434228,0
10434229,0
10434230,0
10434231,0
10434232,0
10434233,0
10434234,0
10434235,0
10434236,0
10434237,0
10434238,0
10434239,0
10434240,0
10434241,0
10434242,0
10434243,0
10434244,0
10434245,0
10434246,0
10434247,0
10434248,0
10434249,0
10434250,0
10434251,0
10434252,0
10434253,0
10434254,0
10434255,0
10434256,0
10434257,0
10434258,0
10434259,0
10434260,0
10434261,0
10434262,0
10434263,0
10434264,0
10434265,0
10434266,0
10434267,0
10434268,0
10434269,0
10434270,0
10434271,0
10434272,0
10434273,0
10434274,0
10434275,0
10434276,0
10434277,0
10434278,0
10434279,0
10434280,0
10434281,0
10434282,0
10434283,0
10434284,0
10434285,0
10434286,0
10434287,0
10434288,0
10434289,0
10434290,0
10434291,0
10434292,0
10434293,0
10434294,0
10434295,0
10434296,0
10434297,0
10434298,0
10434299,0
10434300,0
10434301,0
10434302,0
10434303,0
10434304,0
10434305,0
10434306,0
10434307,0
10434308,0
10434309,0
10434310,0
10434311,0
10434312,0
10434313,0
10434314,0
10434315,0
10434316,0
10434317,0
10434318,0
10434319,0
10434320,0
10434321,0
10434322,0
10434323,0
10434324,0
10434325,0
10434326,0
10434327,0
10434328,0
10434329,0
10434330,0
10434331,0
10434332,0
10434333,0
10434334,0
10434335,0
10434336,0
10434337,0
10434338,0
10434339,0
10434340,0
10434341,0
10434342,0
10434343,0
10434344,0
10434345,0
10434346,0
10434347,0
10434348,0
10434349,0
10434350,0
10434351,0
10434352,0
10434353,0
10434354,0
10434355,0
10434356,0
10434357,0
10434358,0
10434359,0
10434360,0
10434361,0
10434362,0
10434363,0
10434364,0
10434365,0
10434366,0
10434367,0
10434368,0
10434369,0
10434370,0
10434371,0
10434372,0
10434373,0
10434374,0
10434375,0
10434376,0
10434377,0
10434378,0
10434379,0
10434380,0
10434381,0
10434382,0
10434383,0
10434384,0
10434385,0
10434386,0
10434387,0
10434388,0
10434389,0
10434390,0
10434391,0
10434392,0
10434393,0
10434394,0
10434395,0
10434396,0
10434397,0
10434398,0
10434399,0
10434400,0
10434401,0
10435001,0
10435002,0
10435003,0
10435004,0
10435005,0
10435006,0
10435007,0
10435008,0
10435009,0
10435010,0
10435011,0
10435012,0
10435013,0
10435014,0
10435015,0
10435016,0
10435017,0
10435018,0
10435019,0
10435020,0
10435021,0
10435022,0
10435023,0
10435024,0
10435025,0
10435026,0
10435027,0
10435028,0
10435029,0
10435030,0
10435031,0
10435032,0
10435033,0
10435034,0
10435035,0
10435036,0
10435037,0
10435038,0
10435039,0
10435040,0
10435041,0
10435042,0
10435043,0
10435044,0
10435045,0
10435046,0
10435047,0
10435048,0
10435049,0
10435050,0
10435051,0
10435052,0
10435053,0
10435054,0
10435055,0
10435056,0
10435057,0
10435058,0
10435059,0
10435060,0
10435061,0
10435062,0
10435063,0
10435064,0
10435065,0
10435066,0
10435067,0
10435068,0
10435069,0
10435070,0
10435071,0
10435072,0
10435073,0
10435074,0
10435075,0
10435076,0
10435077,0
10435078,0
10435079,0
10435080,0
10435081,0
10435082,0
10435083,0
10435084,0
10435085,0
10435086,0
10435087,0
10435088,0
10435089,0
10435090,0
10435091,0
10435092,0
10435093,0
10435094,0
10435095,0
10435096,0
10435097,0
10435098,0
10435099,0
10435100,0
10435101,0
10435102,0
10435103,0
10435104,0
10435105,0
10435106,0
10435107,0
10435108,0
10435109,0
10435110,0
10435111,0
10435112,0
10435113,0
10435114,0
10435115,0
10435116,0
10435117,0
10435118,0
10435119,0
10435120,0
10435121,0
10435122,0
10435123,0
10435124,0
10435125,0
10435126,0
10435127,0
10435128,0
10435129,0
10435130,0
10435131,0
10435132,0
10435133,0
10435134,0
10435135,0
10435136,0
10435137,0
10435138,0
10435139,0
10435140,0
10435141,0
10435142,0
10435143,0
10435144,0
10435145,0
10435146,0
10435147,0
10435148,0
10435149,0
10435150,0
10435151,0
10435152,0
10435153,0
10435154,0
10435155,0
10435156,0
10435157,0
10435158,0
10435159,0
10435160,0
10435161,0
10435162,0
10435163,0
10435164,0
10435165,0
10435166,0
10435167,0
10435168,0
10435169,0
10435170,0
10435171,0
10435172,0
10435173,0
10435174,0
10435175,0
10435176,0
10435177,0
10435178,0
10435179,0
10435180,0
10435181,0
10435182,0
10435183,0
10435184,0
10435185,0
10435186,0
10435187,0
10435188,0
10435189,0
10435190,0
10435191,0
10435192,0
10435193,0
10435194,0
10435195,0
10435196,0
10435197,0
10435198,0
10435199,0
10435200,0
10435201,0
10435202,0
10435203,0
10435204,0
10435205,0
10435206,0
10435207,0
10435208,0
10435209,0
10435210,0
10435211,0
10435212,0
10435213,0
10435214,0
10435215,0
10435216,0
10435217,0
10435218,0
10435219,0
10435220,0
10435221,0
10435222,0
10435223,0
10435224,0
10435225,0
10435226,0
10435227,0
10435228,0
10435229,0
10435230,0
10435231,0
10435232,0
10435233,0
10435234,0
10435235,0
10435236,0
10435237,0
10435238,0
10435239,0
10435240,0
10435241,0
10435242,0
10435243,0
10435244,0
10435245,0
10435246,0
10435247,0
10435248,0
10435249,0
10435250,0
10435251,0
10435252,0
10435253,0
10435254,0
10435255,0
10435256,0
10435257,0
10435258,0
10435259,0
10435260,0
10435261,0
10435262,0
10435263,0
10435264,0
10435265,0
10435266,0
10435267,0
10435268,0
10435269,0
10435270,0
10435271,0
10435272,0
10435273,0
10435274,0
10435275,0
10435276,0
10435277,0
10435278,0
10435279,0
10435280,0
10435281,0
10435282,0
10435283,0
10435284,0
10435285,0
10435286,0
10435287,0
10435288,0
10435289,0
10435290,0
10435291,0
10435292,0
10435293,0
10435294,0
10435295,0
10435296,0
10435297,0
10435298,0
10435299,0
10435300,0
10435301,0
10435302,0
10435303,0
10435304,0
10435305,0
10435306,0
10435307,0
10435308,0
10435309,0
10435310,0
10435311,0
10435312,0
10435313,0
10435314,0
10435315,0
10435316,0
10435317,0
10435318,0
10435319,0
10435320,0
10435321,0
10435322,0
10435323,0
10435324,0
10435325,0
10435326,0
10435327,0
10435328,0
10435329,0
10435330,0
10435331,0
10435332,0
10435333,0
10435334,0
10435335,0
10435336,0
10435337,0
10435338,0
10435339,0
10435340,0
10435341,0
10435342,0
10435343,0
10435344,0
10435345,0
10435346,0
10435347,0
10435348,0
10435349,0
10435350,0
10435351,0
10435352,0
10435353,0
10435354,0
10435355,0
10435356,0
10435357,0
10435358,0
10435359,0
10435360,0
10435361,0
10435362,0
10435363,0
10435364,0
10435365,0
10435366,0
10435367,0
10435368,0
10435369,0
10435370,0
10435371,0
10435372,0
10435373,0
10435374,0
10435375,0
10435376,0
10435377,0
10435378,0
10435379,0
10435380,0
10435381,0
10435382,0
10435383,0
10435384,0
10435385,0
10435386,0
10435387,0
10435388,0
10435389,0
10435390,0
10435391,0
10435392,0
10435393,0
10435394,0
10435395,0
10435396,0
10435397,0
10435398,0
10435399,0
10435400,0
10435401,0
10435402,0
10436001,0
10436002,0
10436003,0
10436004,0
10436005,0
10436006,0
10436007,0
10436008,0
10436009,0
10436010,0
10436011,0
10436012,0
10436013,0
10436014,0
10436015,0
10436016,0
10436017,0
10436018,0
10436019,0
10436020,0
10436021,0
10436022,0
10436023,0
10436024,0
10436025,0
10436026,0
10436027,0
10436028,0
10436029,0
10436030,0
10436031,0
10436032,0
10436033,0
10436034,0
10436035,0
10436036,0
10436037,0
10436038,0
10436039,0
10436040,0
10436041,0
10436042,0
10436043,0
10436044,0
10436045,0
10436046,0
10436047,0
10436048,0
10436049,0
10436050,0
10436051,0
10436052,0
10436053,0
10436054,0
10436055,0
10436056,0
10436057,0
10436058,0
10436059,0
10436060,0
10436061,0
10436062,0
10436063,0
10436064,0
10436065,0
10436066,0
10436067,0
10436068,0
10436069,0
10436070,0
10436071,0
10436072,0
10436073,0
10436074,0
10436075,0
10436076,0
10436077,0
10436078,0
10436079,0
10436080,0
10436081,0
10436082,0
10436083,0
10436084,0
10436085,0
10436086,0
10436087,0
10436088,0
10436089,0
10436090,0
10436091,0
10436092,0
10436093,0
10436094,0
10436095,0
10436096,0
10436097,0
10436098,0
10436099,0
10436100,0
10436101,0
10436102,0
10436103,0
10437001,0
10437002,0
10437003,0
10437004,0
10437005,0
10437006,0
10437007,0
10437008,0
10437009,0
10437010,0
10437011,0
10437012,0
10437013,0
10437014,0
10437015,0
10437016,0
10437017,0
10437018,0
10437019,0
10437020,0
10437021,0
10437022,0
10437023,0
10437024,0
10437025,0
10437026,0
10437027,0
10437028,0
10437029,0
10437030,0
10437031,0
10437032,0
10437033,0
10437034,0
10437035,0
10437036,0
10437037,0
10437038,0
10437039,0
10437040,0
10437041,0
10437042,0
10437043,0
10437044,0
10437045,0
10437046,0
10437047,0
10437048,0
10437049,0
10437050,0
10437051,0
10437052,0
10437053,0
10437054,0
10437055,0
10437056,0
10437057,0
10437058,0
10437059,0
10437060,0
10437061,0
10437062,0
10437063,0
10437064,0
10437065,0
10437066,0
10437067,0
10437068,0
10437069,0
10437070,0
10437071,0
10437072,0
10437073,0
10437074,0
10437075,0
10437076,0
10437077,0
10437078,0
10437079,0
10437080,0
10437081,0
10437082,0
10437083,0
10437084,0
10437085,0
10437086,0
10437087,0
10437088,0
10437089,0
10437090,0
10437091,0
10437092,0
10437093,0
10437094,0
10437095,0
10437096,0
10437097,0
10437098,0
10437099,0
10437100,0
10437101,0
10437102,0
10437103,0
10438001,0
10438002,0
10438003,0
10438004,0
10438005,0
10438006,0
10438007,0
10438008,0
10438009,0
10438010,0
10438011,0
10438012,0
10438013,0
10438014,0
10438015,0
10438016,0
10438017,0
10438018,0
10438019,0
10438020,0
10438021,0
10438022,0
10438023,0
10438024,0
10438025,0
10438026,0
10438027,0
10438028,0
10438029,0
10438030,0
10438031,0
10438032,0
10438033,0
10438034,0
10438035,0
10438036,0
10438037,0
10438038,0
10438039,0
10438040,0
10438041,0
10438042,0
10438043,0
10438044,0
10438045,0
10438046,0
10438047,0
10438048,0
10438049,0
10438050,0
10438051,0
10438052,0
10438053,0
10438054,0
10438055,0
10438056,0
10438057,0
10438058,0
10438059,0
10438060,0
10438061,0
10438062,0
10438063,0
10438064,0
10438065,0
10438066,0
10438067,0
10438068,0
10438069,0
10438070,0
10438071,0
10438072,0
10438073,0
10438074,0
10438075,0
10438076,0
10438077,0
10438078,0
10438079,0
10438080,0
10438081,0
10438082,0
10438083,0
10438084,0
10438085,0
10438086,0
10438087,0
10438088,0
10438089,0
10438090,0
10438091,0
10438092,0
10438093,0
10438094,0
10438095,0
10438096,0
10438097,0
10438098,0
10438099,0
10438100,0
10438101,0
10438102,0
10438103,0
10440001,1
10440002,1
10440003,1
10440004,1
10440005,1
10440006,1
10440007,1
10440008,1
10440009,1
10440010,1
10440011,1
10440012,1
10440013,1
10440014,1
10440015,1
10440016,1
10440017,1
10440018,1
10440019,1
10440020,1
10440021,1
10440022,1
10440023,1
10440024,1
10440025,1
10440026,1
10440027,1
10440028,1
10440029,1
10440030,1
10440031,1
10440032,1
10440033,1
10440034,1
10440035,1
10440036,1
10440037,1
10440038,1
10440039,1
10440040,1
10440041,1
10440042,1
10440043,1
10440044,1
10440045,1
10440046,1
10440047,1
10440048,1
10440049,1
10440050,1
10440051,1
10440052,1
10440053,1
10440054,1
10440055,1
10440056,1
10440057,1
10440058,1
10440059,1
10440060,1
10440061,1
10440062,1
10440063,1
10440064,1
10440065,1
10440066,1
10440067,1
10440068,1
10440069,1
10440070,1
10440071,1
10440072,1
10440073,1
10440074,1
10440075,1
10440076,1
10440077,1
10440078,1
10440079,1
10440080,1
10440081,1
10440082,1
10440083,1
10440084,1
10440085,1
10440086,1
10440087,1
10440088,1
10440089,1
10440090,1
10440091,1
10440092,1
10440093,1
10440094,1
10440095,1
10440096,1
10440097,1
10440098,1
10440099,1
10440100,1
10440101,1
10440102,1
10440103,1
10440104,1
10440105,1
10440106,1
10440107,1
10440108,1
10440109,1
10440110,1
10440111,1
10440112,1
10440113,1
10440114,1
10440115,1
10440116,1
10440117,1
10440118,1
10440119,1
10440120,1
10440121,1
10440122,1
10440123,1
10440124,1
10440125,1
10440126,1
10440127,1
10440128,1
10440129,1
10440130,1
10440131,1
10440132,1
10440133,1
10440134,1
10440135,1
10440136,1
10440137,1
10440138,1
10440139,1
10440140,1
10440141,1
10440142,1
10440143,1
10440144,1
10440145,1
10440146,1
10440147,1
10440148,1
10440149,1
10440150,1
10440151,1
10440152,1
10440153,1
10440154,1
10440155,1
10440156,1
10440157,1
10440158,1
10440159,1
10440160,1
10440161,1
10440162,1
10440163,1
10440164,1
10440165,1
10440166,1
10440167,1
10440168,1
10440169,1
10440170,1
10440171,1
10440172,1
10440173,1
10440174,1
10440175,1
10440176,1
10440177,1
10440178,1
10440179,1
10440180,1
10440181,1
10440182,1
10440183,1
10440184,1
10440185,1
10440186,1
10440187,1
10440188,1
10440189,1
10440190,1
10440191,1
10440192,1
10440193,1
10440194,1
10440195,1
10440196,1
10440197,1
10440198,1
10440199,1
10440200,1
10440201,1
10440202,1
10440203,1
10440204,1
10440205,1
10440206,1
10440207,1
10440208,1
10440209,1
10440210,1
10440211,1
10440212,1
10440213,1
10440214,1
10440215,1
10440216,1
10440217,1
10440218,1
10440219,1
10440220,1
10440221,1
10440222,1
10440223,1
10440224,1
10440225,1
10440226,1
10440227,1
10440228,1
10440229,1
10440230,1
10440231,1
10440232,1
10440233,1
10440234,1
10440235,1
10440236,1
10440237,1
10440238,1
10440239,1
10440240,1
10440241,1
10440242,1
10440243,1
10440244,1
10440245,1
10440246,1
10440247,1
10440248,1
10440249,1
10440250,1
10440251,1
10440252,1
10440253,1
10440254,1
10440255,1
10440256,1
10440257,1
10440258,1
10440259,1
10440260,1
10440261,1
10440262,1
10440263,1
10440264,1
10440265,1
10440266,1
10440267,1
10440268,1
10440269,1
10440270,1
10440271,1
10440272,1
10440273,1
10440274,1
10440275,1
10440276,1
10440277,1
10440278,1
10440279,1
10440280,1
10440281,1
10440282,1
10440283,1
10440284,1
10440285,1
10440286,1
10440287,1
10440288,1
10440289,1
10440290,1
10440291,1
10440292,1
10440293,1
10440294,1
10440295,1
10440296,1
10440297,1
10440298,1
10440299,1
10440300,1
10440301,1
10440302,1
10440303,1
10440304,1
10440305,1
10440306,1
10440307,1
10440308,1
10440309,1
10440310,1
10440311,1
10440312,1
10440313,1
10440314,1
10440315,1
10440316,1
10440317,1
10440318,1
10440319,1
10440320,1
10440321,1
10440322,1
10440323,1
10440324,1
10440325,1
10440326,1
10440327,1
10440328,1
10440329,1
10440330,1
10440331,1
10440332,1
10440333,1
10440334,1
10440335,1
10440336,1
10440337,1
10440338,1
10440339,1
10440340,1
10440341,1
10440342,1
10440343,1
10440344,1
10440345,1
10440346,1
10440347,1
10440348,1
10440349,1
10440350,1
10440351,1
10440352,1
10440353,1
10440354,1
10440355,1
10440356,1
10440357,1
10440358,1
10440359,1
10440360,1
10440361,1
10440362,1
10440363,1
10440364,1
10440365,1
10440366,1
10440367,1
10440368,1
10440369,1
10440370,1
10440371,1
10440372,1
10440373,1
10440374,1
10440375,1
10440376,1
10440377,1
10440378,1
10440379,1
10440380,1
10440381,1
10440382,1
10440383,1
10440384,1
10440385,1
10440386,1
10440387,1
10440388,1
10440389,1
10440390,1
10440391,1
10440392,1
10440393,1
10440394,1
10440395,1
10440396,1
10440397,1
10440398,1
10440399,1
10440400,1
10440401,1
10440402,1
10440403,1
10440404,1
10440405,1
10440406,1
10440407,1
10440408,1
10440409,1
10440410,1
10440411,1
10440412,1
10440413,1
10440414,1
10440415,1
10440416,1
10440417,1
10440418,1
10440419,1
10440420,1
10440421,1
10440422,1
10440423,1
10440424,1
10440425,1
10440426,1
10440427,1
10440428,1
10440429,1
10440430,1
10440431,1
10440432,1
10440433,1
10440434,1
10440435,1
10440436,1
10440437,1
10440438,1
10440439,1
10440440,1
10440441,1
10440442,1
10440443,1
10440444,1
10440445,1
10440446,1
10440447,1
10440448,1
10440449,1
10440450,1
10440451,1
10440452,1
10440453,1
10440454,1
10440455,1
10440456,1
10440457,1
10440458,1
10440459,1
10440460,1
10440461,1
10440462,1
10440463,1
10440464,1
10440465,1
10440466,1
10440467,1
10440468,1
10440469,1
10440470,1
10440471,1
10440472,1
10440473,1
10440474,1
10440475,1
10440476,1
10440477,1
10440478,1
10440479,1
10440480,1
10440481,1
10440482,1
10440483,1
10440484,1
10440485,1
10440486,1
10440487,1
10440488,1
10440489,1
10440490,1
10440491,1
10440492,1
10440493,1
10440494,1
10440495,1
10440496,1
10440497,1
10440498,1
10440499,1
10440500,1
10440501,1
10440502,1
10440503,1
10440504,1
10440505,1
10440506,1
10440507,1
10440508,1
10440509,1
10440510,1
10440511,1
10440512,1
10440513,1
10440514,1
10440515,1
10440516,1
10440517,1
10440518,1
10440519,1
10440520,1
10440521,1
10440522,1
10440523,1
10440524,1
10440525,1
10440526,1
10440527,1
10440528,1
10440529,1
10440530,1
10440531,1
10440532,1
10440533,1
10440534,1
10440535,1
10440536,1
10440537,1
10440538,1
10440539,1
10440540,1
10440541,1
10440542,1
10440543,1
10440544,1
10440545,1
10440546,1
10440547,1
10440548,1
10440549,1
10440550,1
10440551,1
10440552,1
10440553,1
10440554,1
10440555,1
10440556,1
10440557,1
10440558,1
10440559,1
10440560,1
10440561,1
10440562,1
10440563,1
10440564,1
10440565,1
10440566,1
10440567,1
10440568,1
10440569,1
10440570,1
10440571,1
10440572,1
10440573,1
10440574,1
10440575,1
10440576,1
10440577,1
10440578,1
10440579,1
10440580,1
10440581,1
10440582,1
10440583,1
10440584,1
10440585,1
10440586,1
10440587,1
10440588,1
10440589,1
10440590,1
10440591,1
10440592,1
10440593,1
10440594,1
10440595,1
10440596,1
10440597,1
10440598,1
10440599,1
10440600,1
10440601,1
10440602,1
10440603,1
10440604,1
10440605,1
10440606,1
10440607,1
10440608,1
10440609,1
10440610,1
10440611,1
10440612,1
10440613,1
10440614,1
10440615,1
10440616,1
10440617,1
10440618,1
10440619,1
10440620,1
10440621,1
10440622,1
10440623,1
10440624,1
10440625,1
10440626,1
10440627,1
10440628,1
10440629,1
10440630,1
10440631,1
10440632,1
10440633,1
10440634,1
10440635,1
10440636,1
10440637,1
10440638,1
10440639,1
10440640,1
10440641,1
10440642,1
10440643,1
10440644,1
10440645,1
10440646,1
10440647,1
10440648,1
10440649,1
10440650,1
10440651,1
10440652,1
10440653,1
10440654,1
10440655,1
10440656,1
10440657,1
10440658,1
10440659,1
10440660,1
10440661,1
10440662,1
10440663,1
10440664,1
10440665,1
10440666,1
10440667,1
10440668,1
10440669,1
10440670,1
10440671,1
10440672,1
10440673,1
10440674,1
10440675,1
10440676,1
10440677,1
10440678,1
10440679,1
10440680,1
10440681,1
10440682,1
10440683,1
10440684,1
10440685,1
10440686,1
10440687,1
10440688,1
10440689,1
10440690,1
10440691,1
10440692,1
10440693,1
10440694,1
10440695,1
10440696,1
10440697,1
10440698,1
10440699,1
10440700,1
10440701,1
10440702,1
10440703,1
10440704,1
10440705,1
10440706,1
10440707,1
10440708,1
10440709,1
10440710,1
10440711,1
10440712,1
10440713,1
10440714,1
10440715,1
10440716,1
10440717,1
10440718,1
10440719,1
10440720,1
10440721,1
10440722,1
10440723,1
10440724,1
10440725,1
10440726,1
10440727,1
10440728,1
10440729,1
10440730,1
10440731,1
10440732,1
10440733,1
10440734,1
10440735,1
10440736,1
10440737,1
10440738,1
10440739,1
10440740,1
10440741,1
10440742,1
10440743,1
10440744,1
10440745,1
10440746,1
10440747,1
10440748,1
10440749,1
10440750,1
10440751,1
10440752,1
10440753,1
10440754,1
10440755,1
10440756,1
10440757,1
10440758,1
10440759,1
10440760,1
10440761,1
10440762,1
10440763,1
10440764,1
10440765,1
10440766,1
10440767,1
10440768,1
10440769,1
10440770,1
10440771,1
10440772,1
10440773,1
10440774,1
10440775,1
10440776,1
10440777,1
10440778,1
10440779,1
10440780,1
10440781,1
10440782,1
10440783,1
10440784,1
10440785,1
10440786,1
10440787,1
10440788,1
10440789,1
10440790,1
10440791,1
10440792,1
10440793,1
10440794,1
10440795,1
10440796,1
10440797,1
10440798,1
10440799,1
10440800,1
10440801,1
10440802,1
10440803,1
10440804,1
10440805,1
10440806,1
10440807,1
10440808,1
10440809,1
10440810,1
10440811,1
10440812,1
10440813,1
10440814,1
10440815,1
10440816,1
10440817,1
10440818,1
10440819,1
10440820,1
10440821,1
10440822,1
10440823,1
10440824,1
10440825,1
10440826,1
10440827,1
10440828,1
10440829,1
10440830,1
10440831,1
10440832,1
10440833,1
10440834,1
10440835,1
10440836,1
10440837,1
10440838,1
10440839,1
10440840,1
10440841,1
10440842,1
10440843,1
10440844,1
10440845,1
10440846,1
10440847,1
10440848,1
10440849,1
10440850,1
10440851,1
10440852,1
10440853,1
10440854,1
10440855,1
10440856,1
10440857,1
10440858,1
10440859,1
10440860,1
10440861,1
10440862,1
10440863,1
10440864,1
10440865,1
10440866,1
10440867,1
10440868,1
10440869,1
10440870,1
10440871,1
10440872,1
10440873,1
10440874,1
10440875,1
10440876,1
10440877,1
10440878,1
10440879,1
10440880,1
10440881,1
10440882,1
10440883,1
10440884,1
10440885,1
10440886,1
10440887,1
10440888,1
10440889,1
10440890,1
10440891,1
10440892,1
10440893,1
10440894,1
10440895,1
10440896,1
10440897,1
10440898,1
10440899,1
10440900,1
10440902,1
10440903,1
10440904,1
10440905,1
10440906,1
10440907,1
10440908,1
10440909,1
10440910,1
10440911,1
10440912,1
10440913,1
10440914,1
10440915,1
10440916,1
10440917,1
10440918,1
10440919,1
10440920,1
10440921,1
10440922,1
10440923,1
10440924,1
10440925,1
10440926,1
10440927,1
10440928,1
10440929,1
10440930,1
10440931,1
10440932,1
10440933,1
10440934,1
10440935,1
10440936,1
10440937,1
10440938,1
10440939,1
10440940,1
10440941,1
10440942,1
10440943,1
10440944,1
10440945,1
10440946,1
10440947,1
10440948,1
10440949,1
10440950,1
10440951,1
10440952,1
10440953,1
10440954,1
10440955,1
10440956,1
10440957,1
10440958,1
10440959,1
10440960,1
10440961,1
10440962,1
10440963,1
10440964,1
10440965,1
10440966,1
10440967,1
10440968,1
10440969,1
10440970,1
10440971,1
10440972,1
10440973,1
10440974,1
10440975,1
10440976,1
10440977,1
10440978,1
10440979,1
10440980,1
10440981,1
10440982,1
10440983,1
10440984,1
10440985,1
10440986,1
10440987,1
10440988,1
10440989,1
10440990,1
10440991,1
10440992,1
10440993,1
10440994,1
10440995,1
10440996,1
10440997,1
10440998,1
10440999,1
10441001,4
10441002,4
10441003,4
10441004,4
10441005,4
10441006,4
10441007,4
10441008,4
10441009,4
10441010,4
10441011,4
10441012,4
10441013,4
10441014,4
10441015,4
10441016,4
10441017,4
10441018,4
10441019,4
10441020,4
10441021,4
10441022,4
10441023,4
10441024,4
10441025,4
10441026,4
10441027,4
10441028,4
10441029,4
10441030,4
10441031,4
10441032,4
10441033,4
10441034,4
10441035,4
10441036,4
10441037,4
10441038,4
10441039,4
10441040,4
10441041,4
10441042,4
10441043,4
10441044,4
10441045,4
10441046,4
10441047,4
10441048,4
10441049,4
10441050,4
10441051,4
10441052,4
10441053,4
10441054,4
10441055,4
10441056,4
10441057,4
10441058,4
10441059,4
10441060,4
10441061,4
10441062,4
10441063,4
10441064,4
10441065,4
10441066,4
10441067,4
10441068,4
10441069,4
10441070,4
10441071,4
10441072,4
10441073,4
10441074,4
10441075,4
10441076,4
10441077,4
10441078,4
10441079,4
10441080,4
10441081,4
10441082,4
10441083,4
10441084,4
10441085,4
10441086,4
10441087,4
10441088,4
10441089,4
10441090,4
10441091,4
10441092,4
10441093,4
10441094,4
10441095,4
10441096,4
10441097,4
10441098,4
10441099,4
10441100,4
10441101,4
10441102,4
10441103,4
10441104,4
10441105,4
10441106,4
10441107,4
10441108,4
10441109,4
10441110,4
10441111,4
10441112,4
10441113,4
10441114,4
10441115,4
10441116,4
10441117,4
10441118,4
10441119,4
10441120,4
10441121,4
10441122,4
10441123,4
10441124,4
10441125,4
10441126,4
10441127,4
10441128,4
10441129,4
10441130,4
10441131,4
10441132,4
10441133,4
10441134,4
10441135,4
10441136,4
10441137,4
10441138,4
10441139,4
10441140,4
10441141,4
10441142,4
10441143,4
10441144,4
10441145,4
10441146,4
10441147,4
10441148,4
10441149,4
10441150,4
10441151,4
10441152,4
10441153,4
10441154,4
10441155,4
10441156,4
10441157,4
10441158,4
10441159,4
10441160,4
10441161,4
10441162,4
10441163,4
10441164,4
10441165,4
10441166,4
10441167,4
10441168,4
10441169,4
10441170,4
10441171,4
10441172,4
10441173,4
10441174,4
10441175,4
10441176,4
10441177,4
10441178,4
10441179,4
10441180,4
10441181,4
10441182,4
10441183,4
10441184,4
10441185,4
10441186,4
10441187,4
10441188,4
10441189,4
10441190,4
10441191,4
10441192,4
10441193,4
10441194,4
10441195,4
10441196,4
10441197,4
10441198,4
10441199,4
10441200,4
10441201,4
10441202,4
10441203,4
10441204,4
10441205,4
10441206,4
10441207,4
10441208,4
10441209,4
10441210,4
10441211,4
10441212,4
10441213,4
10441214,4
10441215,4
10441216,4
10441217,4
10441218,4
10441219,4
10441220,4
10441221,4
10441222,4
10441223,4
10441224,4
10441225,4
10441226,4
10441227,4
10441228,4
10441229,4
10441230,4
10441231,4
10441232,4
10441233,4
10441234,4
10441235,4
10441236,4
10441237,4
10441238,4
10441239,4
10441240,4
10441241,4
10441242,4
10441243,4
10441244,4
10441245,4
10441246,4
10441247,4
10441248,4
10441249,4
10441250,4
10441251,4
10441252,4
10441253,4
10441254,4
10441255,4
10441256,4
10441257,4
10441258,4
10441259,4
10441260,4
10441261,4
10441262,4
10441263,4
10441264,4
10441265,4
10441266,4
10441267,4
10441268,4
10441269,4
10441270,4
10441271,4
10441272,4
10441273,4
10441274,4
10441275,4
10441276,4
10441277,4
10441278,4
10441279,4
10441280,4
10441281,4
10441282,4
10441283,4
10441284,4
10441285,4
10441286,4
10441287,4
10441288,4
10441289,4
10441290,4
10441291,4
10441292,4
10441293,4
10441294,4
10441295,4
10441296,4
10441297,4
10441298,4
10441299,4
10441300,4
10441301,4
10441302,4
10441303,4
10441304,4
10441305,4
10441306,4
10441307,4
10441308,4
10441309,4
10441310,4
10441311,4
10441312,4
10441313,4
10441314,4
10441315,4
10441316,4
10441317,4
10441318,4
10441319,4
10441320,4
10441321,4
10441322,4
10441323,4
10441324,4
10441325,4
10441326,4
10441327,4
10441328,4
10441329,4
10441330,4
10441331,4
10441332,4
10441333,4
10441334,4
10441335,4
10441336,4
10441337,4
10441338,4
10441339,4
10441340,4
10441341,4
10441342,4
10441343,4
10441344,4
10441345,4
10441346,4
10441347,4
10441348,4
10441349,4
10441350,4
10441351,4
10441352,4
10441353,4
10441354,4
10441355,4
10441356,4
10441357,4
10441358,4
10441359,4
10441360,4
10441361,4
10441362,4
10441363,4
10441364,4
10441365,4
10441366,4
10441367,4
10441368,4
10441369,4
10441370,4
10441371,4
10441372,4
10441373,4
10441374,4
10441375,4
10441376,4
10441377,4
10441378,4
10441379,4
10441380,4
10441381,4
10441382,4
10441383,4
10441384,4
10441385,4
10441386,4
10441387,4
10441388,4
10441389,4
10441390,4
10441391,4
10441392,4
10441393,4
10441394,4
10441395,4
10441396,4
10441397,4
10441398,4
10441399,4
10441400,4
10441401,4
10441402,4
10441403,4
10441404,4
10441405,4
10441406,4
10441407,4
10441408,4
10441409,4
10441410,4
10441411,4
10441412,4
10441413,4
10441414,4
10441415,4
10441416,4
10441417,4
10441418,4
10441419,4
10441420,4
10441421,4
10441422,4
10441423,4
10441424,4
10441425,4
10441426,4
10441427,4
10441428,4
10441429,4
10441430,4
10441431,4
10441432,4
10441433,4
10441434,4
10441435,4
10441436,4
10441437,4
10441438,4
10441439,4
10441440,4
10441441,4
10441442,4
10441443,4
10441444,4
10441445,4
10441446,4
10441447,4
10441448,4
10441449,4
10441450,4
10441451,4
10441452,4
10441453,4
10441454,4
10441455,4
10441456,4
10441457,4
10441458,4
10441459,4
10441460,4
10441461,4
10441462,4
10441463,4
10441464,4
10441465,4
10441466,4
10441467,4
10441468,4
10441469,4
10441470,4
10441471,4
10441472,4
10441473,4
10441474,4
10441475,4
10441476,4
10441477,4
10441478,4
10441479,4
10441480,4
10441481,4
10441482,4
10441483,4
10441484,4
10441485,4
10441486,4
10441487,4
10441488,4
10441489,4
10441490,4
10441491,4
10441492,4
10441493,4
10441494,4
10441495,4
10441496,4
10441497,4
10441498,4
10441499,4
10441500,4
10441501,4
10441502,4
10441503,4
10441504,4
10441505,4
10441506,4
10441507,4
10441508,4
10441509,4
10441510,4
10441511,4
10441512,4
10441513,4
10441514,4
10441515,4
10441516,4
10441517,4
10441518,4
10441519,4
10441520,4
10441521,4
10441522,4
10441523,4
10441524,4
10441525,4
10441526,4
10441527,4
10441528,4
10441529,4
10441530,4
10441531,4
10441532,4
10441533,4
10441534,4
10441535,4
10441536,4
10441537,4
10441538,4
10441539,4
10441540,4
10441541,4
10441542,4
10441543,4
10441544,4
10441545,4
10441546,4
10441547,4
10441548,4
10441549,4
10441550,4
10441551,4
10441552,4
10441553,4
10441554,4
10441555,4
10441556,4
10441557,4
10441558,4
10441559,4
10441560,4
10441561,4
10441562,4
10441563,4
10441564,4
10441565,4
10441566,4
10441567,4
10441568,4
10441569,4
10441570,4
10441571,4
10441572,4
10441573,4
10441574,4
10441575,4
10441576,4
10441577,4
10441578,4
10441579,4
10441580,4
10441581,4
10441582,4
10441583,4
10441584,4
10441585,4
10441586,4
10441587,4
10441588,4
10441589,4
10441590,4
10441591,4
10441592,4
10441593,4
10441594,4
10441595,4
10441596,4
10441597,4
10441598,4
10441599,4
10441600,4
10441601,4
10441602,4
10441603,4
10441604,4
10441605,4
10441606,4
10441607,4
10441608,4
10441609,4
10441610,4
10441611,4
10441612,4
10441613,4
10441614,4
10441615,4
10441616,4
10441617,4
10441618,4
10441619,4
10441620,4
10441621,4
10441622,4
10441623,4
10441624,4
10441625,4
10441626,4
10441627,4
10441628,4
10441629,4
10441630,4
10441631,4
10441632,4
10441633,4
10441634,4
10441635,4
10441636,4
10441637,4
10441638,4
10441639,4
10441640,4
10441641,4
10441642,4
10441643,4
10441644,4
10441645,4
10441646,4
10441647,4
10441648,4
10441649,4
10441650,4
10441651,4
10441652,4
10441653,4
10441654,4
10441655,4
10441656,4
10441657,4
10441658,4
10441659,4
10441660,4
10441661,4
10441662,4
10441663,4
10441664,4
10441665,4
10441666,4
10441667,4
10441668,4
10441669,4
10441670,4
10441671,4
10441672,4
10441673,4
10441674,4
10441675,4
10441676,4
10441677,4
10441678,4
10441679,4
10441680,4
10441681,4
10441682,4
10441683,4
10441684,4
10441685,4
10441686,4
10441687,4
10441688,4
10441689,4
10441690,4
10441691,4
10441692,4
10441693,4
10441694,4
10441695,4
10441696,4
10441697,4
10441698,4
10441699,4
10441700,4
10441701,4
10441702,4
10441703,4
10441704,4
10441705,4
10441706,4
10441707,4
10441708,4
10441709,4
10441710,4
10441711,4
10441712,4
10441713,4
10441714,4
10441715,4
10441716,4
10441717,4
10441718,4
10441719,4
10441720,4
10441721,4
10441722,4
10441723,4
10441724,4
10441725,4
10441726,4
10441727,4
10441728,4
10441729,4
10441730,4
10441731,4
10441732,4
10441733,4
10441734,4
10441735,4
10441736,4
10441737,4
10441738,4
10441739,4
10441740,4
10441741,4
10441742,4
10441743,4
10441744,4
10441745,4
10441746,4
10441747,4
10441748,4
10441749,4
10441750,4
10441751,4
10441752,4
10441753,4
10441754,4
10441755,4
10441756,4
10441757,4
10441758,4
10441759,4
10441760,4
10441761,4
10441762,4
10441763,4
10441764,4
10441765,4
10441766,4
10441767,4
10441768,4
10441769,4
10441770,4
10441771,4
10441772,4
10441773,4
10441774,4
10441775,4
10441776,4
10441777,4
10441778,4
10441779,4
10441780,4
10441781,4
10441782,4
10441783,4
10441784,4
10441785,4
10441786,4
10441787,4
10441788,4
10441789,4
10441790,4
10441791,4
10441792,4
10441793,4
10441794,4
10441795,4
10441796,4
10441797,4
10441798,4
10441799,4
10441800,4
10441801,4
10441802,4
10441803,4
10441804,4
10441805,4
10441806,4
10441807,4
10441808,4
10441809,4
10441810,4
10441811,4
10441812,4
10441813,4
10441814,4
10441815,4
10441816,4
10441817,4
10441818,4
10441819,4
10441820,4
10441821,4
10441822,4
10441823,4
10441824,4
10441825,4
10441826,4
10441827,4
10441828,4
10441829,4
10441830,4
10441831,4
10441832,4
10441833,4
10441834,4
10441835,4
10441836,4
10441837,4
10441838,4
10441839,4
10441840,4
10441841,4
10441842,4
10441843,4
10441844,4
10441845,4
10441846,4
10441847,4
10441848,4
10441849,4
10441850,4
10441851,4
10441852,4
10441853,4
10441854,4
10441855,4
10441856,4
10441857,4
10441858,4
10441859,4
10441860,4
10441861,4
10441862,4
10441863,4
10441864,4
10441865,4
10441866,4
10441867,4
10441868,4
10441869,4
10441870,4
10441871,4
10441872,4
10441873,4
10441874,4
10441875,4
10441876,4
10441877,4
10441878,4
10441879,4
10441880,4
10441881,4
10441882,4
10441883,4
10441884,4
10441885,4
10441886,4
10441887,4
10441888,4
10441889,4
10441890,4
10441891,4
10441892,4
10441893,4
10441894,4
10441895,4
10441896,4
10441897,4
10441898,4
10441899,4
10441900,4
10441902,4
10441903,4
10441904,4
10441905,4
10441906,4
10441907,4
10441908,4
10441909,4
10441910,4
10441911,4
10441912,4
10441913,4
10441914,4
10441915,4
10441916,4
10441917,4
10441918,4
10441919,4
10441920,4
10441921,4
10441922,4
10441923,4
10441924,4
10441925,4
10441926,4
10441927,4
10441928,4
10441929,4
10441930,4
10441931,4
10441932,4
10441933,4
10441934,4
10441935,4
10441936,4
10441937,4
10441938,4
10441939,4
10441940,4
10441941,4
10441942,4
10441943,4
10441944,4
10441945,4
10441946,4
10441947,4
10441948,4
10441949,4
10441950,4
10441951,4
10441952,4
10441953,4
10441954,4
10441955,4
10441956,4
10441957,4
10441958,4
10441959,4
10441960,4
10441961,4
10441962,4
10441963,4
10441964,4
10441965,4
10441966,4
10441967,4
10441968,4
10441969,4
10441970,4
10441971,4
10441972,4
10441973,4
10441974,4
10441975,4
10441976,4
10441977,4
10441978,4
10441979,4
10441980,4
10441981,4
10441982,4
10441983,4
10441984,4
10441985,4
10441986,4
10441987,4
10441988,4
10441989,4
10441990,4
10441991,4
10441992,4
10441993,4
10441994,4
10441995,4
10441996,4
10441997,4
10441998,4
10441999,4
10442001,3
10442002,3
10442003,3
10442004,3
10442005,3
10442006,3
10442007,3
10442008,3
10442009,3
10442010,3
10442011,3
10442012,3
10442013,3
10442014,3
10442015,3
10442016,3
10442017,3
10442018,3
10442019,3
10442020,3
10442021,3
10442022,3
10442023,3
10442024,3
10442025,3
10442026,3
10442027,3
10442028,3
10442029,3
10442030,3
10442031,3
10442032,3
10442033,3
10442034,3
10442035,3
10442036,3
10442037,3
10442038,3
10442039,3
10442040,3
10442041,3
10442042,3
10442043,3
10442044,3
10442045,3
10442046,3
10442047,3
10442048,3
10442049,3
10442050,3
10442051,3
10442052,3
10442053,3
10442054,3
10442055,3
10442056,3
10442057,3
10442058,3
10442059,3
10442060,3
10442061,3
10442062,3
10442063,3
10442064,3
10442065,3
10442066,3
10442067,3
10442068,3
10442069,3
10442070,3
10442071,3
10442072,3
10442073,3
10442074,3
10442075,3
10442076,3
10442077,3
10442078,3
10442079,3
10442080,3
10442081,3
10442082,3
10442083,3
10442084,3
10442085,3
10442086,3
10442087,3
10442088,3
10442089,3
10442090,3
10442091,3
10442092,3
10442093,3
10442094,3
10442095,3
10442096,3
10442097,3
10442098,3
10442099,3
10442100,3
10442101,3
10442102,3
10442103,3
10442104,3
10442105,3
10442106,3
10442107,3
10442108,3
10442109,3
10442110,3
10442111,3
10442112,3
10442113,3
10442114,3
10442115,3
10442116,3
10442117,3
10442118,3
10442119,3
10442120,3
10442121,3
10442122,3
10442123,3
10442124,3
10442125,3
10442126,3
10442127,3
10442128,3
10442129,3
10442130,3
10442131,3
10442132,3
10442133,3
10442134,3
10442135,3
10442136,3
10442137,3
10442138,3
10442139,3
10442140,3
10442141,3
10442142,3
10442143,3
10442144,3
10442145,3
10442146,3
10442147,3
10442148,3
10442149,3
10442150,3
10442151,3
10442152,3
10442153,3
10442154,3
10442155,3
10442156,3
10442157,3
10442158,3
10442159,3
10442160,3
10442161,3
10442162,3
10442163,3
10442164,3
10442165,3
10442166,3
10442167,3
10442168,3
10442169,3
10442170,3
10442171,3
10442172,3
10442173,3
10442174,3
10442175,3
10442176,3
10442177,3
10442178,3
10442179,3
10442180,3
10442181,3
10442182,3
10442183,3
10442184,3
10442185,3
10442186,3
10442187,3
10442188,3
10442189,3
10442190,3
10442191,3
10442192,3
10442193,3
10442194,3
10442195,3
10442196,3
10442197,3
10442198,3
10442199,3
10442200,3
10442201,3
10442202,3
10442203,3
10442204,3
10442205,3
10442206,3
10442207,3
10442208,3
10442209,3
10442210,3
10442211,3
10442212,3
10442213,3
10442214,3
10442215,3
10442216,3
10442217,3
10442218,3
10442219,3
10442220,3
10442221,3
10442222,3
10442223,3
10442224,3
10442225,3
10442226,3
10442227,3
10442228,3
10442229,3
10442230,3
10442231,3
10442232,3
10442233,3
10442234,3
10442235,3
10442236,3
10442237,3
10442238,3
10442239,3
10442240,3
10442241,3
10442242,3
10442243,3
10442244,3
10442245,3
10442246,3
10442247,3
10442248,3
10442249,3
10442250,3
10442251,3
10442252,3
10442253,3
10442254,3
10442255,3
10442256,3
10442257,3
10442258,3
10442259,3
10442260,3
10442261,3
10442262,3
10442263,3
10442264,3
10442265,3
10442266,3
10442267,3
10442268,3
10442269,3
10442270,3
10442271,3
10442272,3
10442273,3
10442274,3
10442275,3
10442276,3
10442277,3
10442278,3
10442279,3
10442280,3
10442281,3
10442282,3
10442283,3
10442284,3
10442285,3
10442286,3
10442287,3
10442288,3
10442289,3
10442290,3
10442291,3
10442292,3
10442293,3
10442294,3
10442295,3
10442296,3
10442297,3
10442298,3
10442299,3
10442300,3
10442301,3
10442302,3
10442303,3
10442304,3
10442305,3
10442306,3
10442307,3
10442308,3
10442309,3
10442310,3
10442311,3
10442312,3
10442313,3
10442314,3
10442315,3
10442316,3
10442317,3
10442318,3
10442319,3
10442320,3
10442321,3
10442322,3
10442323,3
10442324,3
10442325,3
10442326,3
10442327,3
10442328,3
10442329,3
10442330,3
10442331,3
10442332,3
10442333,3
10442334,3
10442335,3
10442336,3
10442337,3
10442338,3
10442339,3
10442340,3
10442341,3
10442342,3
10442343,3
10442344,3
10442345,3
10442346,3
10442347,3
10442348,3
10442349,3
10442350,3
10442351,3
10442352,3
10442353,3
10442354,3
10442355,3
10442356,3
10442357,3
10442358,3
10442359,3
10442360,3
10442361,3
10442362,3
10442363,3
10442364,3
10442365,3
10442366,3
10442367,3
10442368,3
10442369,3
10442370,3
10442371,3
10442372,3
10442373,3
10442374,3
10442375,3
10442376,3
10442377,3
10442378,3
10442379,3
10442380,3
10442381,3
10442382,3
10442383,3
10442384,3
10442385,3
10442386,3
10442387,3
10442388,3
10442389,3
10442390,3
10442391,3
10442392,3
10442393,3
10442394,3
10442395,3
10442396,3
10442397,3
10442398,3
10442399,3
10442400,3
10442401,3
10442402,3
10442403,3
10442404,3
10442405,3
10442406,3
10442407,3
10442408,3
10442409,3
10442410,3
10442411,3
10442412,3
10442413,3
10442414,3
10442415,3
10442416,3
10442417,3
10442418,3
10442419,3
10442420,3
10442421,3
10442422,3
10442423,3
10442424,3
10442425,3
10442426,3
10442427,3
10442428,3
10442429,3
10442430,3
10442431,3
10442432,3
10442433,3
10442434,3
10442435,3
10442436,3
10442437,3
10442438,3
10442439,3
10442440,3
10442441,3
10442442,3
10442443,3
10442444,3
10442445,3
10442446,3
10442447,3
10442448,3
10442449,3
10442450,3
10442451,3
10442452,3
10442453,3
10442454,3
10442455,3
10442456,3
10442457,3
10442458,3
10442459,3
10442460,3
10442461,3
10442462,3
10442463,3
10442464,3
10442465,3
10442466,3
10442467,3
10442468,3
10442469,3
10442470,3
10442471,3
10442472,3
10442473,3
10442474,3
10442475,3
10442476,3
10442477,3
10442478,3
10442479,3
10442480,3
10442481,3
10442482,3
10442483,3
10442484,3
10442485,3
10442486,3
10442487,3
10442488,3
10442489,3
10442490,3
10442491,3
10442492,3
10442493,3
10442494,3
10442495,3
10442496,3
10442497,3
10442498,3
10442499,3
10442500,3
10442501,3
10442502,3
10442503,3
10442504,3
10442505,3
10442506,3
10442507,3
10442508,3
10442509,3
10442510,3
10442511,3
10442512,3
10442513,3
10442514,3
10442515,3
10442516,3
10442517,3
10442518,3
10442519,3
10442520,3
10442521,3
10442522,3
10442523,3
10442524,3
10442525,3
10442526,3
10442527,3
10442528,3
10442529,3
10442530,3
10442531,3
10442532,3
10442533,3
10442534,3
10442535,3
10442536,3
10442537,3
10442538,3
10442539,3
10442540,3
10442541,3
10442542,3
10442543,3
10442544,3
10442545,3
10442546,3
10442547,3
10442548,3
10442549,3
10442550,3
10442551,3
10442552,3
10442553,3
10442554,3
10442555,3
10442556,3
10442557,3
10442558,3
10442559,3
10442560,3
10442561,3
10442562,3
10442563,3
10442564,3
10442565,3
10442566,3
10442567,3
10442568,3
10442569,3
10442570,3
10442571,3
10442572,3
10442573,3
10442574,3
10442575,3
10442576,3
10442577,3
10442578,3
10442579,3
10442580,3
10442581,3
10442582,3
10442583,3
10442584,3
10442585,3
10442586,3
10442587,3
10442588,3
10442589,3
10442590,3
10442591,3
10442592,3
10442593,3
10442594,3
10442595,3
10442596,3
10442597,3
10442598,3
10442599,3
10442600,3
10442601,3
10442602,3
10442603,3
10442604,3
10442605,3
10442606,3
10442607,3
10442608,3
10442609,3
10442610,3
10442611,3
10442612,3
10442613,3
10442614,3
10442615,3
10442616,3
10442617,3
10442618,3
10442619,3
10442620,3
10442621,3
10442622,3
10442623,3
10442624,3
10442625,3
10442626,3
10442627,3
10442628,3
10442629,3
10442630,3
10442631,3
10442632,3
10442633,3
10442634,3
10442635,3
10442636,3
10442637,3
10442638,3
10442639,3
10442640,3
10442641,3
10442642,3
10442643,3
10442644,3
10442645,3
10442646,3
10442647,3
10442648,3
10442649,3
10442650,3
10442651,3
10442652,3
10442653,3
10442654,3
10442655,3
10442656,3
10442657,3
10442658,3
10442659,3
10442660,3
10442661,3
10442662,3
10442663,3
10442664,3
10442665,3
10442666,3
10442667,3
10442668,3
10442669,3
10442670,3
10442671,3
10442672,3
10442673,3
10442674,3
10442675,3
10442676,3
10442677,3
10442678,3
10442679,3
10442680,3
10442681,3
10442682,3
10442683,3
10442684,3
10442685,3
10442686,3
10442687,3
10442688,3
10442689,3
10442690,3
10442691,3
10442692,3
10442693,3
10442694,3
10442695,3
10442696,3
10442697,3
10442698,3
10442699,3
10442700,3
10442701,3
10442702,3
10442703,3
10442704,3
10442705,3
10442706,3
10442707,3
10442708,3
10442709,3
10442710,3
10442711,3
10442712,3
10442713,3
10442714,3
10442715,3
10442716,3
10442717,3
10442718,3
10442719,3
10442720,3
10442721,3
10442722,3
10442723,3
10442724,3
10442725,3
10442726,3
10442727,3
10442728,3
10442729,3
10442730,3
10442731,3
10442732,3
10442733,3
10442734,3
10442735,3
10442736,3
10442737,3
10442738,3
10442739,3
10442740,3
10442741,3
10442742,3
10442743,3
10442744,3
10442745,3
10442746,3
10442747,3
10442748,3
10442749,3
10442750,3
10442751,3
10442752,3
10442753,3
10442754,3
10442755,3
10442756,3
10442757,3
10442758,3
10442759,3
10442760,3
10442761,3
10442762,3
10442763,3
10442764,3
10442765,3
10442766,3
10442767,3
10442768,3
10442769,3
10442770,3
10442771,3
10442772,3
10442773,3
10442774,3
10442775,3
10442776,3
10442777,3
10442778,3
10442779,3
10442780,3
10442781,3
10442782,3
10442783,3
10442784,3
10442785,3
10442786,3
10442787,3
10442788,3
10442789,3
10442790,3
10442791,3
10442792,3
10442793,3
10442794,3
10442795,3
10442796,3
10442797,3
10442798,3
10442799,3
10442800,3
10442801,3
10442802,3
10442803,3
10442804,3
10442805,3
10442806,3
10442807,3
10442808,3
10442809,3
10442810,3
10442811,3
10442812,3
10442813,3
10442814,3
10442815,3
10442816,3
10442817,3
10442818,3
10442819,3
10442820,3
10442821,3
10442822,3
10442823,3
10442824,3
10442825,3
10442826,3
10442827,3
10442828,3
10442829,3
10442830,3
10442831,3
10442832,3
10442833,3
10442834,3
10442835,3
10442836,3
10442837,3
10442838,3
10442839,3
10442840,3
10442841,3
10442842,3
10442843,3
10442844,3
10442845,3
10442846,3
10442847,3
10442848,3
10442849,3
10442850,3
10442851,3
10442852,3
10442853,3
10442854,3
10442855,3
10442856,3
10442857,3
10442858,3
10442859,3
10442860,3
10442861,3
10442862,3
10442863,3
10442864,3
10442865,3
10442866,3
10442867,3
10442868,3
10442869,3
10442870,3
10442871,3
10442872,3
10442873,3
10442874,3
10442875,3
10442876,3
10442877,3
10442878,3
10442879,3
10442880,3
10442881,3
10442882,3
10442883,3
10442884,3
10442885,3
10442886,3
10442887,3
10442888,3
10442889,3
10442890,3
10442891,3
10442892,3
10442893,3
10442894,3
10442895,3
10442896,3
10442897,3
10442898,3
10442899,3
10442900,3
10442902,3
10442903,3
10442904,3
10442905,3
10442906,3
10442907,3
10442908,3
10442909,3
10442910,3
10442911,3
10442912,3
10442913,3
10442914,3
10442915,3
10442916,3
10442917,3
10442918,3
10442919,3
10442920,3
10442921,3
10442922,3
10442923,3
10442924,3
10442925,3
10442926,3
10442927,3
10442928,3
10442929,3
10442930,3
10442931,3
10442932,3
10442933,3
10442934,3
10442935,3
10442936,3
10442937,3
10442938,3
10442939,3
10442940,3
10442941,3
10442942,3
10442943,3
10442944,3
10442945,3
10442946,3
10442947,3
10442948,3
10442949,3
10442950,3
10442951,3
10442952,3
10442953,3
10442954,3
10442955,3
10442956,3
10442957,3
10442958,3
10442959,3
10442960,3
10442961,3
10442962,3
10442963,3
10442964,3
10442965,3
10442966,3
10442967,3
10442968,3
10442969,3
10442970,3
10442971,3
10442972,3
10442973,3
10442974,3
10442975,3
10442976,3
10442977,3
10442978,3
10442979,3
10442980,3
10442981,3
10442982,3
10442983,3
10442984,3
10442985,3
10442986,3
10442987,3
10442988,3
10442989,3
10442990,3
10442991,3
10442992,3
10442993,3
10442994,3
10442995,3
10442996,3
10442997,3
10442998,3
10442999,3
10443001,2
10443002,2
10443003,2
10443004,2
10443005,2
10443006,2
10443007,2
10443008,2
10443009,2
10443010,2
10443011,2
10443012,2
10443013,2
10443014,2
10443015,2
10443016,2
10443017,2
10443018,2
10443019,2
10443020,2
10443021,2
10443022,2
10443023,2
10443024,2
10443025,2
10443026,2
10443027,2
10443028,2
10443029,2
10443030,2
10443031,2
10443032,2
10443033,2
10443034,2
10443035,2
10443036,2
10443037,2
10443038,2
10443039,2
10443040,2
10443041,2
10443042,2
10443043,2
10443044,2
10443045,2
10443046,2
10443047,2
10443048,2
10443049,2
10443050,2
10443051,2
10443052,2
10443053,2
10443054,2
10443055,2
10443056,2
10443057,2
10443058,2
10443059,2
10443060,2
10443061,2
10443062,2
10443063,2
10443064,2
10443065,2
10443066,2
10443067,2
10443068,2
10443069,2
10443070,2
10443071,2
10443072,2
10443073,2
10443074,2
10443075,2
10443076,2
10443077,2
10443078,2
10443079,2
10443080,2
10443081,2
10443082,2
10443083,2
10443084,2
10443085,2
10443086,2
10443087,2
10443088,2
10443089,2
10443090,2
10443091,2
10443092,2
10443093,2
10443094,2
10443095,2
10443096,2
10443097,2
10443098,2
10443099,2
10443100,2
10443101,2
10443102,2
10443103,2
10443104,2
10443105,2
10443106,2
10443107,2
10443108,2
10443109,2
10443110,2
10443111,2
10443112,2
10443113,2
10443114,2
10443115,2
10443116,2
10443117,2
10443118,2
10443119,2
10443120,2
10443121,2
10443122,2
10443123,2
10443124,2
10443125,2
10443126,2
10443127,2
10443128,2
10443129,2
10443130,2
10443131,2
10443132,2
10443133,2
10443134,2
10443135,2
10443136,2
10443137,2
10443138,2
10443139,2
10443140,2
10443141,2
10443142,2
10443143,2
10443144,2
10443145,2
10443146,2
10443147,2
10443148,2
10443149,2
10443150,2
10443151,2
10443152,2
10443153,2
10443154,2
10443155,2
10443156,2
10443157,2
10443158,2
10443159,2
10443160,2
10443161,2
10443162,2
10443163,2
10443164,2
10443165,2
10443166,2
10443167,2
10443168,2
10443169,2
10443170,2
10443171,2
10443172,2
10443173,2
10443174,2
10443175,2
10443176,2
10443177,2
10443178,2
10443179,2
10443180,2
10443181,2
10443182,2
10443183,2
10443184,2
10443185,2
10443186,2
10443187,2
10443188,2
10443189,2
10443190,2
10443191,2
10443192,2
10443193,2
10443194,2
10443195,2
10443196,2
10443197,2
10443198,2
10443199,2
10443200,2
10443201,2
10443202,2
10443203,2
10443204,2
10443205,2
10443206,2
10443207,2
10443208,2
10443209,2
10443210,2
10443211,2
10443212,2
10443213,2
10443214,2
10443215,2
10443216,2
10443217,2
10443218,2
10443219,2
10443220,2
10443221,2
10443222,2
10443223,2
10443224,2
10443225,2
10443226,2
10443227,2
10443228,2
10443229,2
10443230,2
10443231,2
10443232,2
10443233,2
10443234,2
10443235,2
10443236,2
10443237,2
10443238,2
10443239,2
10443240,2
10443241,2
10443242,2
10443243,2
10443244,2
10443245,2
10443246,2
10443247,2
10443248,2
10443249,2
10443250,2
10443251,2
10443252,2
10443253,2
10443254,2
10443255,2
10443256,2
10443257,2
10443258,2
10443259,2
10443260,2
10443261,2
10443262,2
10443263,2
10443264,2
10443265,2
10443266,2
10443267,2
10443268,2
10443269,2
10443270,2
10443271,2
10443272,2
10443273,2
10443274,2
10443275,2
10443276,2
10443277,2
10443278,2
10443279,2
10443280,2
10443281,2
10443282,2
10443283,2
10443284,2
10443285,2
10443286,2
10443287,2
10443288,2
10443289,2
10443290,2
10443291,2
10443292,2
10443293,2
10443294,2
10443295,2
10443296,2
10443297,2
10443298,2
10443299,2
10443300,2
10443301,2
10443302,2
10443303,2
10443304,2
10443305,2
10443306,2
10443307,2
10443308,2
10443309,2
10443310,2
10443311,2
10443312,2
10443313,2
10443314,2
10443315,2
10443316,2
10443317,2
10443318,2
10443319,2
10443320,2
10443321,2
10443322,2
10443323,2
10443324,2
10443325,2
10443326,2
10443327,2
10443328,2
10443329,2
10443330,2
10443331,2
10443332,2
10443333,2
10443334,2
10443335,2
10443336,2
10443337,2
10443338,2
10443339,2
10443340,2
10443341,2
10443342,2
10443343,2
10443344,2
10443345,2
10443346,2
10443347,2
10443348,2
10443349,2
10443350,2
10443351,2
10443352,2
10443353,2
10443354,2
10443355,2
10443356,2
10443357,2
10443358,2
10443359,2
10443360,2
10443361,2
10443362,2
10443363,2
10443364,2
10443365,2
10443366,2
10443367,2
10443368,2
10443369,2
10443370,2
10443371,2
10443372,2
10443373,2
10443374,2
10443375,2
10443376,2
10443377,2
10443378,2
10443379,2
10443380,2
10443381,2
10443382,2
10443383,2
10443384,2
10443385,2
10443386,2
10443387,2
10443388,2
10443389,2
10443390,2
10443391,2
10443392,2
10443393,2
10443394,2
10443395,2
10443396,2
10443397,2
10443398,2
10443399,2
10443400,2
10443401,2
10443402,2
10443403,2
10443404,2
10443405,2
10443406,2
10443407,2
10443408,2
10443409,2
10443410,2
10443411,2
10443412,2
10443413,2
10443414,2
10443415,2
10443416,2
10443417,2
10443418,2
10443419,2
10443420,2
10443421,2
10443422,2
10443423,2
10443424,2
10443425,2
10443426,2
10443427,2
10443428,2
10443429,2
10443430,2
10443431,2
10443432,2
10443433,2
10443434,2
10443435,2
10443436,2
10443437,2
10443438,2
10443439,2
10443440,2
10443441,2
10443442,2
10443443,2
10443444,2
10443445,2
10443446,2
10443447,2
10443448,2
10443449,2
10443450,2
10443451,2
10443452,2
10443453,2
10443454,2
10443455,2
10443456,2
10443457,2
10443458,2
10443459,2
10443460,2
10443461,2
10443462,2
10443463,2
10443464,2
10443465,2
10443466,2
10443467,2
10443468,2
10443469,2
10443470,2
10443471,2
10443472,2
10443473,2
10443474,2
10443475,2
10443476,2
10443477,2
10443478,2
10443479,2
10443480,2
10443481,2
10443482,2
10443483,2
10443484,2
10443485,2
10443486,2
10443487,2
10443488,2
10443489,2
10443490,2
10443491,2
10443492,2
10443493,2
10443494,2
10443495,2
10443496,2
10443497,2
10443498,2
10443499,2
10443500,2
10443501,2
10443502,2
10443503,2
10443504,2
10443505,2
10443506,2
10443507,2
10443508,2
10443509,2
10443510,2
10443511,2
10443512,2
10443513,2
10443514,2
10443515,2
10443516,2
10443517,2
10443518,2
10443519,2
10443520,2
10443521,2
10443522,2
10443523,2
10443524,2
10443525,2
10443526,2
10443527,2
10443528,2
10443529,2
10443530,2
10443531,2
10443532,2
10443533,2
10443534,2
10443535,2
10443536,2
10443537,2
10443538,2
10443539,2
10443540,2
10443541,2
10443542,2
10443543,2
10443544,2
10443545,2
10443546,2
10443547,2
10443548,2
10443549,2
10443550,2
10443551,2
10443552,2
10443553,2
10443554,2
10443555,2
10443556,2
10443557,2
10443558,2
10443559,2
10443560,2
10443561,2
10443562,2
10443563,2
10443564,2
10443565,2
10443566,2
10443567,2
10443568,2
10443569,2
10443570,2
10443571,2
10443572,2
10443573,2
10443574,2
10443575,2
10443576,2
10443577,2
10443578,2
10443579,2
10443580,2
10443581,2
10443582,2
10443583,2
10443584,2
10443585,2
10443586,2
10443587,2
10443588,2
10443589,2
10443590,2
10443591,2
10443592,2
10443593,2
10443594,2
10443595,2
10443596,2
10443597,2
10443598,2
10443599,2
10443600,2
10443601,2
10443602,2
10443603,2
10443604,2
10443605,2
10443606,2
10443607,2
10443608,2
10443609,2
10443610,2
10443611,2
10443612,2
10443613,2
10443614,2
10443615,2
10443616,2
10443617,2
10443618,2
10443619,2
10443620,2
10443621,2
10443622,2
10443623,2
10443624,2
10443625,2
10443626,2
10443627,2
10443628,2
10443629,2
10443630,2
10443631,2
10443632,2
10443633,2
10443634,2
10443635,2
10443636,2
10443637,2
10443638,2
10443639,2
10443640,2
10443641,2
10443642,2
10443643,2
10443644,2
10443645,2
10443646,2
10443647,2
10443648,2
10443649,2
10443650,2
10443651,2
10443652,2
10443653,2
10443654,2
10443655,2
10443656,2
10443657,2
10443658,2
10443659,2
10443660,2
10443661,2
10443662,2
10443663,2
10443664,2
10443665,2
10443666,2
10443667,2
10443668,2
10443669,2
10443670,2
10443671,2
10443672,2
10443673,2
10443674,2
10443675,2
10443676,2
10443677,2
10443678,2
10443679,2
10443680,2
10443681,2
10443682,2
10443683,2
10443684,2
10443685,2
10443686,2
10443687,2
10443688,2
10443689,2
10443690,2
10443691,2
10443692,2
10443693,2
10443694,2
10443695,2
10443696,2
10443697,2
10443698,2
10443699,2
10443700,2
10443701,2
10443702,2
10443703,2
10443704,2
10443705,2
10443706,2
10443707,2
10443708,2
10443709,2
10443710,2
10443711,2
10443712,2
10443713,2
10443714,2
10443715,2
10443716,2
10443717,2
10443718,2
10443719,2
10443720,2
10443721,2
10443722,2
10443723,2
10443724,2
10443725,2
10443726,2
10443727,2
10443728,2
10443729,2
10443730,2
10443731,2
10443732,2
10443733,2
10443734,2
10443735,2
10443736,2
10443737,2
10443738,2
10443739,2
10443740,2
10443741,2
10443742,2
10443743,2
10443744,2
10443745,2
10443746,2
10443747,2
10443748,2
10443749,2
10443750,2
10443751,2
10443752,2
10443753,2
10443754,2
10443755,2
10443756,2
10443757,2
10443758,2
10443759,2
10443760,2
10443761,2
10443762,2
10443763,2
10443764,2
10443765,2
10443766,2
10443767,2
10443768,2
10443769,2
10443770,2
10443771,2
10443772,2
10443773,2
10443774,2
10443775,2
10443776,2
10443777,2
10443778,2
10443779,2
10443780,2
10443781,2
10443782,2
10443783,2
10443784,2
10443785,2
10443786,2
10443787,2
10443788,2
10443789,2
10443790,2
10443791,2
10443792,2
10443793,2
10443794,2
10443795,2
10443796,2
10443797,2
10443798,2
10443799,2
10443800,2
10443801,2
10443802,2
10443803,2
10443804,2
10443805,2
10443806,2
10443807,2
10443808,2
10443809,2
10443810,2
10443811,2
10443812,2
10443813,2
10443814,2
10443815,2
10443816,2
10443817,2
10443818,2
10443819,2
10443820,2
10443821,2
10443822,2
10443823,2
10443824,2
10443825,2
10443826,2
10443827,2
10443828,2
10443829,2
10443830,2
10443831,2
10443832,2
10443833,2
10443834,2
10443835,2
10443836,2
10443837,2
10443838,2
10443839,2
10443840,2
10443841,2
10443842,2
10443843,2
10443844,2
10443845,2
10443846,2
10443847,2
10443848,2
10443849,2
10443850,2
10443851,2
10443852,2
10443853,2
10443854,2
10443855,2
10443856,2
10443857,2
10443858,2
10443859,2
10443860,2
10443861,2
10443862,2
10443863,2
10443864,2
10443865,2
10443866,2
10443867,2
10443868,2
10443869,2
10443870,2
10443871,2
10443872,2
10443873,2
10443874,2
10443875,2
10443876,2
10443877,2
10443878,2
10443879,2
10443880,2
10443881,2
10443882,2
10443883,2
10443884,2
10443885,2
10443886,2
10443887,2
10443888,2
10443889,2
10443890,2
10443891,2
10443892,2
10443893,2
10443894,2
10443895,2
10443896,2
10443897,2
10443898,2
10443899,2
10443900,2
10443902,2
10443903,2
10443904,2
10443905,2
10443906,2
10443907,2
10443908,2
10443909,2
10443910,2
10443911,2
10443912,2
10443913,2
10443914,2
10443915,2
10443916,2
10443917,2
10443918,2
10443919,2
10443920,2
10443921,2
10443922,2
10443923,2
10443924,2
10443925,2
10443926,2
10443927,2
10443928,2
10443929,2
10443930,2
10443931,2
10443932,2
10443933,2
10443934,2
10443935,2
10443936,2
10443937,2
10443938,2
10443939,2
10443940,2
10443941,2
10443942,2
10443943,2
10443944,2
10443945,2
10443946,2
10443947,2
10443948,2
10443949,2
10443950,2
10443951,2
10443952,2
10443953,2
10443954,2
10443955,2
10443956,2
10443957,2
10443958,2
10443959,2
10443960,2
10443961,2
10443962,2
10443963,2
10443964,2
10443965,2
10443966,2
10443967,2
10443968,2
10443969,2
10443970,2
10443971,2
10443972,2
10443973,2
10443974,2
10443975,2
10443976,2
10443977,2
10443978,2
10443979,2
10443980,2
10443981,2
10443982,2
10443983,2
10443984,2
10443985,2
10443986,2
10443987,2
10443988,2
10443989,2
10443990,2
10443991,2
10443992,2
10443993,2
10443994,2
10443995,2
10443996,2
10443997,2
10443998,2
10443999,2
10444001,14
10444002,14
10444003,14
10444004,14
10444005,14
10444006,14
10444007,14
10444008,14
10444009,14
10444010,14
10444011,14
10444012,14
10444013,14
10444014,14
10444015,14
10444016,14
10444017,14
10444018,14
10444019,14
10444020,14
10444021,14
10444022,14
10444023,14
10444024,14
10444025,14
10444026,14
10444027,14
10444028,14
10444029,14
10444030,14
10444031,14
10444032,14
10444033,14
10444034,14
10444035,14
10444036,14
10444037,14
10444038,14
10444039,14
10444040,14
10444041,14
10444042,14
10444043,14
10444044,14
10444045,14
10444046,14
10444047,14
10444048,14
10444049,14
10444050,14
10444051,14
10444052,14
10444053,14
10444054,14
10444055,14
10444056,14
10444057,14
10444058,14
10444059,14
10444060,14
10444061,14
10444062,14
10444063,14
10444064,14
10444065,14
10444066,14
10444067,14
10444068,14
10444069,14
10444070,14
10444071,14
10444072,14
10444073,14
10444074,14
10444075,14
10444076,14
10444077,14
10444078,14
10444079,14
10444080,14
10444081,14
10444082,14
10444083,14
10444084,14
10444085,14
10444086,14
10444087,14
10444088,14
10444089,14
10444090,14
10444091,14
10444092,14
10444093,14
10444094,14
10444095,14
10444096,14
10444097,14
10444098,14
10444099,14
10444100,14
10444101,14
10444102,14
10444103,14
10444104,14
10444105,14
10444106,14
10444107,14
10444108,14
10444109,14
10444110,14
10444111,14
10444112,14
10444113,14
10444114,14
10444115,14
10444116,14
10444117,14
10444118,14
10444119,14
10444120,14
10444121,14
10444122,14
10444123,14
10444124,14
10444125,14
10444126,14
10444127,14
10444128,14
10444129,14
10444130,14
10444131,14
10444132,14
10444133,14
10444134,14
10444135,14
10444136,14
10444137,14
10444138,14
10444139,14
10444140,14
10444141,14
10444142,14
10444143,14
10444144,14
10444145,14
10444146,14
10444147,14
10444148,14
10444149,14
10444150,14
10444151,14
10444152,14
10444153,14
10444154,14
10444155,14
10444156,14
10444157,14
10444158,14
10444159,14
10444160,14
10444161,14
10444162,14
10444163,14
10444164,14
10444165,14
10444166,14
10444167,14
10444168,14
10444169,14
10444170,14
10444171,14
10444172,14
10444173,14
10444174,14
10444175,14
10444176,14
10444177,14
10444178,14
10444179,14
10444180,14
10444181,14
10444182,14
10444183,14
10444184,14
10444185,14
10444186,14
10444187,14
10444188,14
10444189,14
10444190,14
10444191,14
10444192,14
10444193,14
10444194,14
10444195,14
10444196,14
10444197,14
10444198,14
10444199,14
10444200,14
10444201,14
10444202,14
10444203,14
10444204,14
10444205,14
10444206,14
10444207,14
10444208,14
10444209,14
10444210,14
10444211,14
10444212,14
10444213,14
10444214,14
10444215,14
10444216,14
10444217,14
10444218,14
10444219,14
10444220,14
10444221,14
10444222,14
10444223,14
10444224,14
10444225,14
10444226,14
10444227,14
10444228,14
10444229,14
10444230,14
10444231,14
10444232,14
10444233,14
10444234,14
10444235,14
10444236,14
10444237,14
10444238,14
10444239,14
10444240,14
10444241,14
10444242,14
10444243,14
10444244,14
10444245,14
10444246,14
10444247,14
10444248,14
10444249,14
10444250,14
10444251,14
10444252,14
10444253,14
10444254,14
10444255,14
10444256,14
10444257,14
10444258,14
10444259,14
10444260,14
10444261,14
10444262,14
10444263,14
10444264,14
10444265,14
10444266,14
10444267,14
10444268,14
10444269,14
10444270,14
10444271,14
10444272,14
10444273,14
10444274,14
10444275,14
10444276,14
10444277,14
10444278,14
10444279,14
10444280,14
10444281,14
10444282,14
10444283,14
10444284,14
10444285,14
10444286,14
10444287,14
10444288,14
10444289,14
10444290,14
10444291,14
10444292,14
10444293,14
10444294,14
10444295,14
10444296,14
10444297,14
10444298,14
10444299,14
10444300,14
10444301,14
10444302,14
10444303,14
10444304,14
10444305,14
10444306,14
10444307,14
10444308,14
10444309,14
10444310,14
10444311,14
10444312,14
10444313,14
10444314,14
10444315,14
10444316,14
10444317,14
10444318,14
10444319,14
10444320,14
10444321,14
10444322,14
10444323,14
10444324,14
10444325,14
10444326,14
10444327,14
10444328,14
10444329,14
10444330,14
10444331,14
10444332,14
10444333,14
10444334,14
10444335,14
10444336,14
10444337,14
10444338,14
10444339,14
10444340,14
10444341,14
10444342,14
10444343,14
10444344,14
10444345,14
10444346,14
10444347,14
10444348,14
10444349,14
10444350,14
10444351,14
10444352,14
10444353,14
10444354,14
10444355,14
10444356,14
10444357,14
10444358,14
10444359,14
10444360,14
10444361,14
10444362,14
10444363,14
10444364,14
10444365,14
10444366,14
10444367,14
10444368,14
10444369,14
10444370,14
10444371,14
10444372,14
10444373,14
10444374,14
10444375,14
10444376,14
10444377,14
10444378,14
10444379,14
10444380,14
10444381,14
10444382,14
10444383,14
10444384,14
10444385,14
10444386,14
10444387,14
10444388,14
10444389,14
10444390,14
10444391,14
10444392,14
10444393,14
10444394,14
10444395,14
10444396,14
10444397,14
10444398,14
10444399,14
10444400,14
10444401,14
10444402,14
10444403,14
10444404,14
10444405,14
10444406,14
10444407,14
10444408,14
10444409,14
10444410,14
10444411,14
10444412,14
10444413,14
10444414,14
10444415,14
10444416,14
10444417,14
10444418,14
10444419,14
10444420,14
10444421,14
10444422,14
10444423,14
10444424,14
10444425,14
10444426,14
10444427,14
10444428,14
10444429,14
10444430,14
10444431,14
10444432,14
10444433,14
10444434,14
10444435,14
10444436,14
10444437,14
10444438,14
10444439,14
10444440,14
10444441,14
10444442,14
10444443,14
10444444,14
10444445,14
10444446,14
10444447,14
10444448,14
10444449,14
10444450,14
10444451,14
10444452,14
10444453,14
10444454,14
10444455,14
10444456,14
10444457,14
10444458,14
10444459,14
10444460,14
10444461,14
10444462,14
10444463,14
10444464,14
10444465,14
10444466,14
10444467,14
10444468,14
10444469,14
10444470,14
10444471,14
10444472,14
10444473,14
10444474,14
10444475,14
10444476,14
10444477,14
10444478,14
10444479,14
10444480,14
10444481,14
10444482,14
10444483,14
10444484,14
10444485,14
10444486,14
10444487,14
10444488,14
10444489,14
10444490,14
10444491,14
10444492,14
10444493,14
10444494,14
10444495,14
10444496,14
10444497,14
10444498,14
10444499,14
10444500,14
10444501,14
10444502,14
10444503,14
10444504,14
10444505,14
10444506,14
10444507,14
10444508,14
10444509,14
10444510,14
10444511,14
10444512,14
10444513,14
10444514,14
10444515,14
10444516,14
10444517,14
10444518,14
10444519,14
10444520,14
10444521,14
10444522,14
10444523,14
10444524,14
10444525,14
10444526,14
10444527,14
10444528,14
10444529,14
10444530,14
10444531,14
10444532,14
10444533,14
10444534,14
10444535,14
10444536,14
10444537,14
10444538,14
10444539,14
10444540,14
10444541,14
10444542,14
10444543,14
10444544,14
10444545,14
10444546,14
10444547,14
10444548,14
10444549,14
10444550,14
10444551,14
10444552,14
10444553,14
10444554,14
10444555,14
10444556,14
10444557,14
10444558,14
10444559,14
10444560,14
10444561,14
10444562,14
10444563,14
10444564,14
10444565,14
10444566,14
10444567,14
10444568,14
10444569,14
10444570,14
10444571,14
10444572,14
10444573,14
10444574,14
10444575,14
10444576,14
10444577,14
10444578,14
10444579,14
10444580,14
10444581,14
10444582,14
10444583,14
10444584,14
10444585,14
10444586,14
10444587,14
10444588,14
10444589,14
10444590,14
10444591,14
10444592,14
10444593,14
10444594,14
10444595,14
10444596,14
10444597,14
10444598,14
10444599,14
10444600,14
10444601,14
10444602,14
10444603,14
10444604,14
10444605,14
10444606,14
10444607,14
10444608,14
10444609,14
10444610,14
10444611,14
10444612,14
10444613,14
10444614,14
10444615,14
10444616,14
10444617,14
10444618,14
10444619,14
10444620,14
10444621,14
10444622,14
10444623,14
10444624,14
10444625,14
10444626,14
10444627,14
10444628,14
10444629,14
10444630,14
10444631,14
10444632,14
10444633,14
10444634,14
10444635,14
10444636,14
10444637,14
10444638,14
10444639,14
10444640,14
10444641,14
10444642,14
10444643,14
10444644,14
10444645,14
10444646,14
10444647,14
10444648,14
10444649,14
10444650,14
10444651,14
10444652,14
10444653,14
10444654,14
10444655,14
10444656,14
10444657,14
10444658,14
10444659,14
10444660,14
10444661,14
10444662,14
10444663,14
10444664,14
10444665,14
10444666,14
10444667,14
10444668,14
10444669,14
10444670,14
10444671,14
10444672,14
10444673,14
10444674,14
10444675,14
10444676,14
10444677,14
10444678,14
10444679,14
10444680,14
10444681,14
10444682,14
10444683,14
10444684,14
10444685,14
10444686,14
10444687,14
10444688,14
10444689,14
10444690,14
10444691,14
10444692,14
10444693,14
10444694,14
10444695,14
10444696,14
10444697,14
10444698,14
10444699,14
10444700,14
10444701,14
10444702,14
10444703,14
10444704,14
10444705,14
10444706,14
10444707,14
10444708,14
10444709,14
10444710,14
10444711,14
10444712,14
10444713,14
10444714,14
10444715,14
10444716,14
10444717,14
10444718,14
10444719,14
10444720,14
10444721,14
10444722,14
10444723,14
10444724,14
10444725,14
10444726,14
10444727,14
10444728,14
10444729,14
10444730,14
10444731,14
10444732,14
10444733,14
10444734,14
10444735,14
10444736,14
10444737,14
10444738,14
10444739,14
10444740,14
10444741,14
10444742,14
10444743,14
10444744,14
10444745,14
10444746,14
10444747,14
10444748,14
10444749,14
10444750,14
10444751,14
10444752,14
10444753,14
10444754,14
10444755,14
10444756,14
10444757,14
10444758,14
10444759,14
10444760,14
10444761,14
10444762,14
10444763,14
10444764,14
10444765,14
10444766,14
10444767,14
10444768,14
10444769,14
10444770,14
10444771,14
10444772,14
10444773,14
10444774,14
10444775,14
10444776,14
10444777,14
10444778,14
10444779,14
10444780,14
10444781,14
10444782,14
10444783,14
10444784,14
10444785,14
10444786,14
10444787,14
10444788,14
10444789,14
10444790,14
10444791,14
10444792,14
10444793,14
10444794,14
10444795,14
10444796,14
10444797,14
10444798,14
10444799,14
10444800,14
10444801,14
10444802,14
10444803,14
10444804,14
10444805,14
10444806,14
10444807,14
10444808,14
10444809,14
10444810,14
10444811,14
10444812,14
10444813,14
10444814,14
10444815,14
10444816,14
10444817,14
10444818,14
10444819,14
10444820,14
10444821,14
10444822,14
10444823,14
10444824,14
10444825,14
10444826,14
10444827,14
10444828,14
10444829,14
10444830,14
10444831,14
10444832,14
10444833,14
10444834,14
10444835,14
10444836,14
10444837,14
10444838,14
10444839,14
10444840,14
10444841,14
10444842,14
10444843,14
10444844,14
10444845,14
10444846,14
10444847,14
10444848,14
10444849,14
10444850,14
10444851,14
10444852,14
10444853,14
10444854,14
10444855,14
10444856,14
10444857,14
10444858,14
10444859,14
10444860,14
10444861,14
10444862,14
10444863,14
10444864,14
10444865,14
10444866,14
10444867,14
10444868,14
10444869,14
10444870,14
10444871,14
10444872,14
10444873,14
10444874,14
10444875,14
10444876,14
10444877,14
10444878,14
10444879,14
10444880,14
10444881,14
10444882,14
10444883,14
10444884,14
10444885,14
10444886,14
10444887,14
10444888,14
10444889,14
10444890,14
10444891,14
10444892,14
10444893,14
10444894,14
10444895,14
10444896,14
10444897,14
10444898,14
10444899,14
10444900,14
10445001,15
10445002,15
10445003,15
10445004,15
10445005,15
10445006,15
10445007,15
10445008,15
10445009,15
10445010,15
10445011,15
10445012,15
10445013,15
10445014,15
10445015,15
10445016,15
10445017,15
10445018,15
10445019,15
10445020,15
10445021,15
10445022,15
10445023,15
10445024,15
10445025,15
10445026,15
10445027,15
10445028,15
10445029,15
10445030,15
10445031,15
10445032,15
10445033,15
10445034,15
10445035,15
10445036,15
10445037,15
10445038,15
10445039,15
10445040,15
10445041,15
10445042,15
10445043,15
10445044,15
10445045,15
10445046,15
10445047,15
10445048,15
10445049,15
10445050,15
10445051,15
10445052,15
10445053,15
10445054,15
10445055,15
10445056,15
10445057,15
10445058,15
10445059,15
10445060,15
10445061,15
10445062,15
10445063,15
10445064,15
10445065,15
10445066,15
10445067,15
10445068,15
10445069,15
10445070,15
10445071,15
10445072,15
10445073,15
10445074,15
10445075,15
10445076,15
10445077,15
10445078,15
10445079,15
10445080,15
10445081,15
10445082,15
10445083,15
10445084,15
10445085,15
10445086,15
10445087,15
10445088,15
10445089,15
10445090,15
10445091,15
10445092,15
10445093,15
10445094,15
10445095,15
10445096,15
10445097,15
10445098,15
10445099,15
10445100,15
10445101,15
10445102,15
10445103,15
10445104,15
10445105,15
10445106,15
10445107,15
10445108,15
10445109,15
10445110,15
10445111,15
10445112,15
10445113,15
10445114,15
10445115,15
10445116,15
10445117,15
10445118,15
10445119,15
10445120,15
10445121,15
10445122,15
10445123,15
10445124,15
10445125,15
10445126,15
10445127,15
10445128,15
10445129,15
10445130,15
10445131,15
10445132,15
10445133,15
10445134,15
10445135,15
10445136,15
10445137,15
10445138,15
10445139,15
10445140,15
10445141,15
10445142,15
10445143,15
10445144,15
10445145,15
10445146,15
10445147,15
10445148,15
10445149,15
10445150,15
10445151,15
10445152,15
10445153,15
10445154,15
10445155,15
10445156,15
10445157,15
10445158,15
10445159,15
10445160,15
10445161,15
10445162,15
10445163,15
10445164,15
10445165,15
10445166,15
10445167,15
10445168,15
10445169,15
10445170,15
10445171,15
10445172,15
10445173,15
10445174,15
10445175,15
10445176,15
10445177,15
10445178,15
10445179,15
10445180,15
10445181,15
10445182,15
10445183,15
10445184,15
10445185,15
10445186,15
10445187,15
10445188,15
10445189,15
10445190,15
10445191,15
10445192,15
10445193,15
10445194,15
10445195,15
10445196,15
10445197,15
10445198,15
10445199,15
10445200,15
10445201,15
10445202,15
10445203,15
10445204,15
10445205,15
10445206,15
10445207,15
10445208,15
10445209,15
10445210,15
10445211,15
10445212,15
10445213,15
10445214,15
10445215,15
10445216,15
10445217,15
10445218,15
10445219,15
10445220,15
10445221,15
10445222,15
10445223,15
10445224,15
10445225,15
10445226,15
10445227,15
10445228,15
10445229,15
10445230,15
10445231,15
10445232,15
10445233,15
10445234,15
10445235,15
10445236,15
10445237,15
10445238,15
10445239,15
10445240,15
10445241,15
10445242,15
10445243,15
10445244,15
10445245,15
10445246,15
10445247,15
10445248,15
10445249,15
10445250,15
10445251,15
10445252,15
10445253,15
10445254,15
10445255,15
10445256,15
10445257,15
10445258,15
10445259,15
10445260,15
10445261,15
10445262,15
10445263,15
10445264,15
10445265,15
10445266,15
10445267,15
10445268,15
10445269,15
10445270,15
10445271,15
10445272,15
10445273,15
10445274,15
10445275,15
10445276,15
10445277,15
10445278,15
10445279,15
10445280,15
10445281,15
10445282,15
10445283,15
10445284,15
10445285,15
10445286,15
10445287,15
10445288,15
10445289,15
10445290,15
10445291,15
10445292,15
10445293,15
10445294,15
10445295,15
10445296,15
10445297,15
10445298,15
10445299,15
10445300,15
10445301,15
10445302,15
10445303,15
10445304,15
10445305,15
10445306,15
10445307,15
10445308,15
10445309,15
10445310,15
10445311,15
10445312,15
10445313,15
10445314,15
10445315,15
10445316,15
10445317,15
10445318,15
10445319,15
10445320,15
10445321,15
10445322,15
10445323,15
10445324,15
10445325,15
10445326,15
10445327,15
10445328,15
10445329,15
10445330,15
10445331,15
10445332,15
10445333,15
10445334,15
10445335,15
10445336,15
10445337,15
10445338,15
10445339,15
10445340,15
10445341,15
10445342,15
10445343,15
10445344,15
10445345,15
10445346,15
10445347,15
10445348,15
10445349,15
10445350,15
10445351,15
10445352,15
10445353,15
10445354,15
10445355,15
10445356,15
10445357,15
10445358,15
10445359,15
10445360,15
10445361,15
10445362,15
10445363,15
10445364,15
10445365,15
10445366,15
10445367,15
10445368,15
10445369,15
10445370,15
10445371,15
10445372,15
10445373,15
10445374,15
10445375,15
10445376,15
10445377,15
10445378,15
10445379,15
10445380,15
10445381,15
10445382,15
10445383,15
10445384,15
10445385,15
10445386,15
10445387,15
10445388,15
10445389,15
10445390,15
10445391,15
10445392,15
10445393,15
10445394,15
10445395,15
10445396,15
10445397,15
10445398,15
10445399,15
10445400,15
10445401,15
10445402,15
10445403,15
10445404,15
10445405,15
10445406,15
10445407,15
10445408,15
10445409,15
10445410,15
10445411,15
10445412,15
10445413,15
10445414,15
10445415,15
10445416,15
10445417,15
10445418,15
10445419,15
10445420,15
10445421,15
10445422,15
10445423,15
10445424,15
10445425,15
10445426,15
10445427,15
10445428,15
10445429,15
10445430,15
10445431,15
10445432,15
10445433,15
10445434,15
10445435,15
10445436,15
10445437,15
10445438,15
10445439,15
10445440,15
10445441,15
10445442,15
10445443,15
10445444,15
10445445,15
10445446,15
10445447,15
10445448,15
10445449,15
10445450,15
10445451,15
10445452,15
10445453,15
10445454,15
10445455,15
10445456,15
10445457,15
10445458,15
10445459,15
10445460,15
10445461,15
10445462,15
10445463,15
10445464,15
10445465,15
10445466,15
10445467,15
10445468,15
10445469,15
10445470,15
10445471,15
10445472,15
10445473,15
10445474,15
10445475,15
10445476,15
10445477,15
10445478,15
10445479,15
10445480,15
10445481,15
10445482,15
10445483,15
10445484,15
10445485,15
10445486,15
10445487,15
10445488,15
10445489,15
10445490,15
10445491,15
10445492,15
10445493,15
10445494,15
10445495,15
10445496,15
10445497,15
10445498,15
10445499,15
10445500,15
10445501,15
10445502,15
10445503,15
10445504,15
10445505,15
10445506,15
10445507,15
10445508,15
10445509,15
10445510,15
10445511,15
10445512,15
10445513,15
10445514,15
10445515,15
10445516,15
10445517,15
10445518,15
10445519,15
10445520,15
10445521,15
10445522,15
10445523,15
10445524,15
10445525,15
10445526,15
10445527,15
10445528,15
10445529,15
10445530,15
10445531,15
10445532,15
10445533,15
10445534,15
10445535,15
10445536,15
10445537,15
10445538,15
10445539,15
10445540,15
10445541,15
10445542,15
10445543,15
10445544,15
10445545,15
10445546,15
10445547,15
10445548,15
10445549,15
10445550,15
10445551,15
10445552,15
10445553,15
10445554,15
10445555,15
10445556,15
10445557,15
10445558,15
10445559,15
10445560,15
10445561,15
10445562,15
10445563,15
10445564,15
10445565,15
10445566,15
10445567,15
10445568,15
10445569,15
10445570,15
10445571,15
10445572,15
10445573,15
10445574,15
10445575,15
10445576,15
10445577,15
10445578,15
10445579,15
10445580,15
10445581,15
10445582,15
10445583,15
10445584,15
10445585,15
10445586,15
10445587,15
10445588,15
10445589,15
10445590,15
10445591,15
10445592,15
10445593,15
10445594,15
10445595,15
10445596,15
10445597,15
10445598,15
10445599,15
10445600,15
10445601,15
10445602,15
10445603,15
10445604,15
10445605,15
10445606,15
10445607,15
10445608,15
10445609,15
10445610,15
10445611,15
10445612,15
10445613,15
10445614,15
10445615,15
10445616,15
10445617,15
10445618,15
10445619,15
10445620,15
10445621,15
10445622,15
10445623,15
10445624,15
10445625,15
10445626,15
10445627,15
10445628,15
10445629,15
10445630,15
10445631,15
10445632,15
10445633,15
10445634,15
10445635,15
10445636,15
10445637,15
10445638,15
10445639,15
10445640,15
10445641,15
10445642,15
10445643,15
10445644,15
10445645,15
10445646,15
10445647,15
10445648,15
10445649,15
10445650,15
10445651,15
10445652,15
10445653,15
10445654,15
10445655,15
10445656,15
10445657,15
10445658,15
10445659,15
10445660,15
10445661,15
10445662,15
10445663,15
10445664,15
10445665,15
10445666,15
10445667,15
10445668,15
10445669,15
10445670,15
10445671,15
10445672,15
10445673,15
10445674,15
10445675,15
10445676,15
10445677,15
10445678,15
10445679,15
10445680,15
10445681,15
10445682,15
10445683,15
10445684,15
10445685,15
10445686,15
10445687,15
10445688,15
10445689,15
10445690,15
10445691,15
10445692,15
10445693,15
10445694,15
10445695,15
10445696,15
10445697,15
10445698,15
10445699,15
10445700,15
10445701,15
10445702,15
10445703,15
10445704,15
10445705,15
10445706,15
10445707,15
10445708,15
10445709,15
10445710,15
10445711,15
10445712,15
10445713,15
10445714,15
10445715,15
10445716,15
10445717,15
10445718,15
10445719,15
10445720,15
10445721,15
10445722,15
10445723,15
10445724,15
10445725,15
10445726,15
10445727,15
10445728,15
10445729,15
10445730,15
10445731,15
10445732,15
10445733,15
10445734,15
10445735,15
10445736,15
10445737,15
10445738,15
10445739,15
10445740,15
10445741,15
10445742,15
10445743,15
10445744,15
10445745,15
10445746,15
10445747,15
10445748,15
10445749,15
10445750,15
10445751,15
10445752,15
10445753,15
10445754,15
10445755,15
10445756,15
10445757,15
10445758,15
10445759,15
10445760,15
10445761,15
10445762,15
10445763,15
10445764,15
10445765,15
10445766,15
10445767,15
10445768,15
10445769,15
10445770,15
10445771,15
10445772,15
10445773,15
10445774,15
10445775,15
10445776,15
10445777,15
10445778,15
10445779,15
10445780,15
10445781,15
10445782,15
10445783,15
10445784,15
10445785,15
10445786,15
10445787,15
10445788,15
10445789,15
10445790,15
10445791,15
10445792,15
10445793,15
10445794,15
10445795,15
10445796,15
10445797,15
10445798,15
10445799,15
10445800,15
10445801,15
10445802,15
10445803,15
10445804,15
10445805,15
10445806,15
10445807,15
10445808,15
10445809,15
10445810,15
10445811,15
10445812,15
10445813,15
10445814,15
10445815,15
10445816,15
10445817,15
10445818,15
10445819,15
10445820,15
10445821,15
10445822,15
10445823,15
10445824,15
10445825,15
10445826,15
10445827,15
10445828,15
10445829,15
10445830,15
10445831,15
10445832,15
10445833,15
10445834,15
10445835,15
10445836,15
10445837,15
10445838,15
10445839,15
10445840,15
10445841,15
10445842,15
10445843,15
10445844,15
10445845,15
10445846,15
10445847,15
10445848,15
10445849,15
10445850,15
10445851,15
10445852,15
10445853,15
10445854,15
10445855,15
10445856,15
10445857,15
10445858,15
10445859,15
10445860,15
10445861,15
10445862,15
10445863,15
10445864,15
10445865,15
10445866,15
10445867,15
10445868,15
10445869,15
10445870,15
10445871,15
10445872,15
10445873,15
10445874,15
10445875,15
10445876,15
10445877,15
10445878,15
10445879,15
10445880,15
10445881,15
10445882,15
10445883,15
10445884,15
10445885,15
10445886,15
10445887,15
10445888,15
10445889,15
10445890,15
10445891,15
10445892,15
10445893,15
10445894,15
10445895,15
10445896,15
10445897,15
10445898,15
10445899,15
10445900,15
10446001,0
10446002,0
10446003,0
10446004,0
10446005,0
10446006,0
10446007,0
10446008,0
10446009,0
10446010,0
10446011,0
10446012,0
10446013,0
10446014,0
10446015,0
10446016,0
10446017,0
10446018,0
10446019,0
10446020,0
10446021,0
10446022,0
10446023,0
10446024,0
10446025,0
10446026,0
10446027,0
10446028,0
10446029,0
10446030,0
10446031,0
10446032,0
10446033,0
10446034,0
10446035,0
10446036,0
10446037,0
10446038,0
10446039,0
10446040,0
10446041,0
10446042,0
10446043,0
10446044,0
10446045,0
10446046,0
10446047,0
10446048,0
10446049,0
10446050,0
10446051,0
10446052,0
10446053,0
10446054,0
10446055,0
10446056,0
10446057,0
10446058,0
10446059,0
10446060,0
10446061,0
10446062,0
10446063,0
10446064,0
10446065,0
10446066,0
10446067,0
10446068,0
10446069,0
10446070,0
10446071,0
10446072,0
10446073,0
10446074,0
10446075,0
10446076,0
10446077,0
10446078,0
10446079,0
10446080,0
10446081,0
10446082,0
10446083,0
10446084,0
10446085,0
10446086,0
10446087,0
10446088,0
10446089,0
10446090,0
10446091,0
10446092,0
10446093,0
10446094,0
10446095,0
10446096,0
10446097,0
10446098,0
10446099,0
10446100,0
10446101,0
10446102,0
10446103,0
10447001,0
10447002,0
10447003,0
10447004,0
10447005,0
10447006,0
10447007,0
10447008,0
10447009,0
10447010,0
10447011,0
10447012,0
10447013,0
10447014,0
10447015,0
10447016,0
10447017,0
10447018,0
10447019,0
10447020,0
10447021,0
10447022,0
10447023,0
10447024,0
10447025,0
10447026,0
10447027,0
10447028,0
10447029,0
10447030,0
10447031,0
10447032,0
10447033,0
10447034,0
10447035,0
10447036,0
10447037,0
10447038,0
10447039,0
10447040,0
10447041,0
10447042,0
10447043,0
10447044,0
10447045,0
10447046,0
10447047,0
10447048,0
10447049,0
10447050,0
10447051,0
10447052,0
10447053,0
10447054,0
10447055,0
10447056,0
10447057,0
10447058,0
10447059,0
10447060,0
10447061,0
10447062,0
10447063,0
10447064,0
10447065,0
10447066,0
10447067,0
10447068,0
10447069,0
10447070,0
10447071,0
10447072,0
10447073,0
10447074,0
10447075,0
10447076,0
10447077,0
10447078,0
10447079,0
10447080,0
10447081,0
10447082,0
10447083,0
10447084,0
10447085,0
10447086,0
10447087,0
10447088,0
10447089,0
10447090,0
10447091,0
10447092,0
10447093,0
10447094,0
10447095,0
10447096,0
10447097,0
10447098,0
10447099,0
10447100,0
10447101,0
10447102,0
10447103,0
10450001,7
10450002,7
10450003,7
10450004,7
10450005,7
10450006,7
10450007,7
10450008,7
10450009,7
10450010,7
10450011,7
10450012,7
10450013,7
10450014,7
10450015,7
10450016,7
10450017,7
10450018,7
10450019,7
10450020,7
10450021,7
10450022,7
10450023,7
10450024,7
10450025,7
10450026,7
10450027,7
10450028,7
10450029,7
10450030,7
10450031,7
10450032,7
10450033,7
10450034,7
10450035,7
10450036,7
10450037,7
10450038,7
10450039,7
10450040,7
10450041,7
10450042,7
10450043,7
10450044,7
10450045,7
10450046,7
10450047,7
10450048,7
10450049,7
10450050,7
10450051,7
10450052,7
10450053,7
10450054,7
10450055,7
10450056,7
10450057,7
10450058,7
10450059,7
10450060,7
10450061,7
10450062,7
10450063,7
10450064,7
10450065,7
10450066,7
10450067,7
10450068,7
10450069,7
10450070,7
10450071,7
10450072,7
10450073,7
10450074,7
10450075,7
10450076,7
10450077,7
10450078,7
10450079,7
10450080,7
10450081,7
10450082,7
10450083,7
10450084,7
10450085,7
10450086,7
10450087,7
10450088,7
10450089,7
10450090,7
10450091,7
10450092,7
10450093,7
10450094,7
10450095,7
10450096,7
10450097,7
10450098,7
10450099,7
10450100,7
10450101,7
10450102,7
10450103,7
10450104,7
10450105,7
10450106,7
10450107,7
10450108,7
10450109,7
10450110,7
10450111,7
10450112,7
10450113,7
10450114,7
10450115,7
10450116,7
10450117,7
10450118,7
10450119,7
10450120,7
10450121,7
10450122,7
10450123,7
10450124,7
10450125,7
10450126,7
10450127,7
10450128,7
10450129,7
10450130,7
10450131,7
10450132,7
10450133,7
10450134,7
10450135,7
10450136,7
10450137,7
10450138,7
10450139,7
10450140,7
10450141,7
10450142,7
10450143,7
10450144,7
10450145,7
10450146,7
10450147,7
10450148,7
10450149,7
10450150,7
10450151,7
10450152,7
10450153,7
10450154,7
10450155,7
10450156,7
10450157,7
10450158,7
10450159,7
10450160,7
10450161,7
10450162,7
10450163,7
10450164,7
10450165,7
10450166,7
10450167,7
10450168,7
10451001,5
10451002,5
10451003,5
10451004,5
10451005,5
10451006,5
10451007,5
10451008,5
10451009,5
10451010,5
10451011,5
10451012,5
10451013,5
10451014,5
10451015,5
10451016,5
10451017,5
10451018,5
10451019,5
10451020,5
10451021,5
10451022,5
10451023,5
10451024,5
10451025,5
10451026,5
10451027,5
10451028,5
10451029,5
10451030,5
10451031,5
10451032,5
10451033,5
10451034,5
10451035,5
10451036,5
10451037,5
10451038,5
10451039,5
10451040,5
10451041,5
10451042,5
10451043,5
10451044,5
10451045,5
10451046,5
10451047,5
10451048,5
10451049,5
10451050,5
10451051,5
10451052,5
10451053,5
10451054,5
10451055,5
10451056,5
10451057,5
10451058,5
10451059,5
10451060,5
10451061,5
10451062,5
10451063,5
10451064,5
10451065,5
10451066,5
10451067,5
10451068,5
10451069,5
10451070,5
10451071,5
10451072,5
10451073,5
10451074,5
10451075,5
10451076,5
10451077,5
10451078,5
10451079,5
10451080,5
10451081,5
10451082,5
10451083,5
10451084,5
10451085,5
10451086,5
10451087,5
10451088,5
10451089,5
10451090,5
10451091,5
10451092,5
10451093,5
10451094,5
10451095,5
10451096,5
10451097,5
10451098,5
10451099,5
10451100,5
10451101,5
10451102,5
10451103,5
10451104,5
10451105,5
10451106,5
10451107,5
10451108,5
10451109,5
10451110,5
10451111,5
10451112,5
10451113,5
10451114,5
10451115,5
10451116,5
10451117,5
10451118,5
10451119,5
10451120,5
10451121,5
10451122,5
10451123,5
10451124,5
10451125,5
10451126,5
10451127,5
10451128,5
10451129,5
10451130,5
10451131,5
10451132,5
10451133,5
10451134,5
10451135,5
10451136,5
10451137,5
10451138,5
10451139,5
10451140,5
10451141,5
10451142,5
10451143,5
10451144,5
10451145,5
10451146,5
10451147,5
10451148,5
10451149,5
10451150,5
10451151,5
10451152,5
10451153,5
10451154,5
10451155,5
10451156,5
10451157,5
10451158,5
10451159,5
10451160,5
10451161,5
10451162,5
10451163,5
10451164,5
10451165,5
10451166,5
10451167,5
10451168,5
10452001,6
10452002,6
10452003,6
10452004,6
10452005,6
10452006,6
10452007,6
10452008,6
10452009,6
10452010,6
10452011,6
10452012,6
10452013,6
10452014,6
10452015,6
10452016,6
10452017,6
10452018,6
10452019,6
10452020,6
10452021,6
10452022,6
10452023,6
10452024,6
10452025,6
10452026,6
10452027,6
10452028,6
10452029,6
10452030,6
10452031,6
10452032,6
10452033,6
10452034,6
10452035,6
10452036,6
10452037,6
10452038,6
10452039,6
10452040,6
10452041,6
10452042,6
10452043,6
10452044,6
10452045,6
10452046,6
10452047,6
10452048,6
10452049,6
10452050,6
10452051,6
10452052,6
10452053,6
10452054,6
10452055,6
10452056,6
10452057,6
10452058,6
10452059,6
10452060,6
10452061,6
10452062,6
10452063,6
10452064,6
10452065,6
10452066,6
10452067,6
10452068,6
10452069,6
10452070,6
10452071,6
10452072,6
10452073,6
10452074,6
10452075,6
10452076,6
10452077,6
10452078,6
10452079,6
10452080,6
10452081,6
10452082,6
10452083,6
10452084,6
10452085,6
10452086,6
10452087,6
10452088,6
10452089,6
10452090,6
10452091,6
10452092,6
10452093,6
10452094,6
10452095,6
10452096,6
10452097,6
10452098,6
10452099,6
10452100,6
10452101,6
10452102,6
10452103,6
10452104,6
10452105,6
10452106,6
10452107,6
10452108,6
10452109,6
10452110,6
10452111,6
10452112,6
10452113,6
10452114,6
10452115,6
10452116,6
10452117,6
10452118,6
10452119,6
10452120,6
10452121,6
10452122,6
10452123,6
10452124,6
10452125,6
10452126,6
10452127,6
10452128,6
10452129,6
10452130,6
10452131,6
10452132,6
10452133,6
10452134,6
10452135,6
10452136,6
10452137,6
10452138,6
10452139,6
10452140,6
10452141,6
10452142,6
10452143,6
10452144,6
10452145,6
10452146,6
10452147,6
10452148,6
10452149,6
10452150,6
10452151,6
10452152,6
10452153,6
10452154,6
10452155,6
10452156,6
10452157,6
10452158,6
10452159,6
10452160,6
10452161,6
10452162,6
10452163,6
10452164,6
10452165,6
10452166,6
10452167,6
10452168,6
10453001,12
10453002,12
10453003,12
10453004,12
10453005,12
10453006,12
10453007,12
10453008,12
10453009,12
10453010,12
10453011,12
10453012,12
10453013,12
10453014,12
10453015,12
10453016,12
10453017,12
10453018,12
10453019,12
10453020,12
10453021,12
10453022,12
10453023,12
10453024,12
10453025,12
10453026,12
10453027,12
10453028,12
10453029,12
10453030,12
10453031,12
10453032,12
10453033,12
10453034,12
10453035,12
10453036,12
10453037,12
10453038,12
10453039,12
10453040,12
10453041,12
10453042,12
10453043,12
10453044,12
10453045,12
10453046,12
10453047,12
10453048,12
10453049,12
10453050,12
10453051,12
10453052,12
10453053,12
10453054,12
10453055,12
10453056,12
10453057,12
10453058,12
10453059,12
10453060,12
10453061,12
10453062,12
10453063,12
10453064,12
10453065,12
10453066,12
10453067,12
10453068,12
10453069,12
10453070,12
10453071,12
10453072,12
10453073,12
10453074,12
10453075,12
10453076,12
10453077,12
10453078,12
10453079,12
10453080,12
10453081,12
10453082,12
10453083,12
10453084,12
10453085,12
10453086,12
10453087,12
10453088,12
10453089,12
10453090,12
10470000,1
10470001,1
10470002,1
10470003,1
10470004,1
10470005,1
10470006,1
10470007,1
10470008,1
10470009,1
10470010,1
10470011,1
10470012,1
10470013,1
10470014,1
10470015,1
10470016,1
10470017,1
10470018,1
10470019,1
10470020,1
10470021,1
10470022,1
10470023,1
10470024,1
10470025,1
10470026,1
10470027,1
10470028,1
10470029,1
10470030,1
10470031,1
10470032,1
10470033,1
10470034,1
10470035,1
10470036,1
10470037,1
10470038,1
10470039,1
10470040,1
10470041,1
10470042,1
10470043,1
10470044,1
10470045,1
10470046,1
10470047,1
10470048,1
10470049,1
10470050,1
10470051,1
10470052,1
10470053,1
10470054,1
10470055,1
10470056,1
10470057,1
10470058,1
10470059,1
10470060,1
10470061,1
10470062,1
10470063,1
10470064,1
10470065,1
10470066,1
10470067,1
10470068,1
10470069,1
10470070,1
10470071,1
10470072,1
10470073,1
10470074,1
10470075,1
10470076,1
10470077,1
10470078,1
10470079,1
10470080,1
10470081,1
10470082,1
10470083,1
10470084,1
10470085,1
10470086,1
10470087,1
10470088,1
10470089,1
10470090,1
10470091,1
10470092,1
10470093,1
10470094,1
10470095,1
10470096,1
10470097,1
10470098,1
10470099,1
10470100,1
10470101,1
10470102,1
10470103,1
10470104,1
10470105,1
10470106,1
10470107,1
10470108,1
10470109,1
10470110,1
10470111,1
10470112,1
10470113,1
10470114,1
10470115,1
10470116,1
10470117,1
10470118,1
10470119,1
10470120,1
10470121,1
10470122,1
10470123,1
10470124,1
10470125,1
10470126,1
10470127,1
10470128,1
10470129,1
10470130,1
10470131,1
10470132,1
10470133,1
10470134,1
10470135,1
10470136,1
10470137,1
10470138,1
10470139,1
10470140,1
10470141,1
10470142,1
10470143,1
10470144,1
10470145,1
10470146,1
10470147,1
10470148,1
10470149,1
10470150,1
10470151,1
10470152,1
10470153,1
10470154,1
10470155,1
10470156,1
10470157,1
10470158,1
10470159,1
10470160,1
10470161,1
10470162,1
10470163,1
10470164,1
10470165,1
10470166,1
10470167,1
10470168,1
10470169,1
10470170,1
10470171,1
10470172,1
10470173,1
10470174,1
10470175,1
10470176,1
10470177,1
10470178,1
10470179,1
10470180,1
10470181,1
10470182,1
10470183,1
10470184,1
10470185,1
10470186,1
10470187,1
10470188,1
10470189,1
10470190,1
10470191,1
10470192,1
10470193,1
10470194,1
10470195,1
10470196,1
10470197,1
10470198,1
10470199,1
10470200,1
10471000,4
10471001,4
10471002,4
10471003,4
10471004,4
10471005,4
10471006,4
10471007,4
10471008,4
10471009,4
10471010,4
10471011,4
10471012,4
10471013,4
10471014,4
10471015,4
10471016,4
10471017,4
10471018,4
10471019,4
10471020,4
10471021,4
10471022,4
10471023,4
10471024,4
10471025,4
10471026,4
10471027,4
10471028,4
10471029,4
10471030,4
10471031,4
10471032,4
10471033,4
10471034,4
10471035,4
10471036,4
10471037,4
10471038,4
10471039,4
10471040,4
10471041,4
10471042,4
10471043,4
10471044,4
10471045,4
10471046,4
10471047,4
10471048,4
10471049,4
10471050,4
10471051,4
10471052,4
10471053,4
10471054,4
10471055,4
10471056,4
10471057,4
10471058,4
10471059,4
10471060,4
10471061,4
10471062,4
10471063,4
10471064,4
10471065,4
10471066,4
10471067,4
10471068,4
10471069,4
10471070,4
10471071,4
10471072,4
10471073,4
10471074,4
10471075,4
10471076,4
10471077,4
10471078,4
10471079,4
10471080,4
10471081,4
10471082,4
10471083,4
10471084,4
10471085,4
10471086,4
10471087,4
10471088,4
10471089,4
10471090,4
10471091,4
10471092,4
10471093,4
10471094,4
10471095,4
10471096,4
10471097,4
10471098,4
10471099,4
10471100,4
10471101,4
10471102,4
10471103,4
10471104,4
10471105,4
10471106,4
10471107,4
10471108,4
10471109,4
10471110,4
10471111,4
10471112,4
10471113,4
10471114,4
10471115,4
10471116,4
10471117,4
10471118,4
10471119,4
10471120,4
10471121,4
10471122,4
10471123,4
10471124,4
10471125,4
10471126,4
10471127,4
10471128,4
10471129,4
10471130,4
10471131,4
10471132,4
10471133,4
10471134,4
10471135,4
10471136,4
10471137,4
10471138,4
10471139,4
10471140,4
10471141,4
10471142,4
10471143,4
10471144,4
10471145,4
10471146,4
10471147,4
10471148,4
10471149,4
10471150,4
10471151,4
10471152,4
10471153,4
10471154,4
10471155,4
10471156,4
10471157,4
10471158,4
10471159,4
10471160,4
10471161,4
10471162,4
10471163,4
10471164,4
10471165,4
10471166,4
10471167,4
10471168,4
10471169,4
10471170,4
10471171,4
10471172,4
10471173,4
10471174,4
10471175,4
10471176,4
10471177,4
10471178,4
10471179,4
10471180,4
10471181,4
10471182,4
10471183,4
10471184,4
10471185,4
10471186,4
10471187,4
10471188,4
10471189,4
10471190,4
10471191,4
10471192,4
10471193,4
10471194,4
10471195,4
10471196,4
10471197,4
10471198,4
10471199,4
10471200,4
10472000,3
10472001,3
10472002,3
10472003,3
10472004,3
10472005,3
10472006,3
10472007,3
10472008,3
10472009,3
10472010,3
10472011,3
10472012,3
10472013,3
10472014,3
10472015,3
10472016,3
10472017,3
10472018,3
10472019,3
10472020,3
10472021,3
10472022,3
10472023,3
10472024,3
10472025,3
10472026,3
10472027,3
10472028,3
10472029,3
10472030,3
10472031,3
10472032,3
10472033,3
10472034,3
10472035,3
10472036,3
10472037,3
10472038,3
10472039,3
10472040,3
10472041,3
10472042,3
10472043,3
10472044,3
10472045,3
10472046,3
10472047,3
10472048,3
10472049,3
10472050,3
10472051,3
10472052,3
10472053,3
10472054,3
10472055,3
10472056,3
10472057,3
10472058,3
10472059,3
10472060,3
10472061,3
10472062,3
10472063,3
10472064,3
10472065,3
10472066,3
10472067,3
10472068,3
10472069,3
10472070,3
10472071,3
10472072,3
10472073,3
10472074,3
10472075,3
10472076,3
10472077,3
10472078,3
10472079,3
10472080,3
10472081,3
10472082,3
10472083,3
10472084,3
10472085,3
10472086,3
10472087,3
10472088,3
10472089,3
10472090,3
10472091,3
10472092,3
10472093,3
10472094,3
10472095,3
10472096,3
10472097,3
10472098,3
10472099,3
10472100,3
10472101,3
10472102,3
10472103,3
10472104,3
10472105,3
10472106,3
10472107,3
10472108,3
10472109,3
10472110,3
10472111,3
10472112,3
10472113,3
10472114,3
10472115,3
10472116,3
10472117,3
10472118,3
10472119,3
10472120,3
10472121,3
10472122,3
10472123,3
10472124,3
10472125,3
10472126,3
10472127,3
10472128,3
10472129,3
10472130,3
10472131,3
10472132,3
10472133,3
10472134,3
10472135,3
10472136,3
10472137,3
10472138,3
10472139,3
10472140,3
10472141,3
10472142,3
10472143,3
10472144,3
10472145,3
10472146,3
10472147,3
10472148,3
10472149,3
10472150,3
10472151,3
10472152,3
10472153,3
10472154,3
10472155,3
10472156,3
10472157,3
10472158,3
10472159,3
10472160,3
10472161,3
10472162,3
10472163,3
10472164,3
10472165,3
10472166,3
10472167,3
10472168,3
10472169,3
10472170,3
10472171,3
10472172,3
10472173,3
10472174,3
10472175,3
10472176,3
10472177,3
10472178,3
10472179,3
10472180,3
10472181,3
10472182,3
10472183,3
10472184,3
10472185,3
10472186,3
10472187,3
10472188,3
10472189,3
10472190,3
10472191,3
10472192,3
10472193,3
10472194,3
10472195,3
10472196,3
10472197,3
10472198,3
10472199,3
10472200,3
10473000,2
10473001,2
10473002,2
10473003,2
10473004,2
10473005,2
10473006,2
10473007,2
10473008,2
10473009,2
10473010,2
10473011,2
10473012,2
10473013,2
10473014,2
10473015,2
10473016,2
10473017,2
10473018,2
10473019,2
10473020,2
10473021,2
10473022,2
10473023,2
10473024,2
10473025,2
10473026,2
10473027,2
10473028,2
10473029,2
10473030,2
10473031,2
10473032,2
10473033,2
10473034,2
10473035,2
10473036,2
10473037,2
10473038,2
10473039,2
10473040,2
10473041,2
10473042,2
10473043,2
10473044,2
10473045,2
10473046,2
10473047,2
10473048,2
10473049,2
10473050,2
10473051,2
10473052,2
10473053,2
10473054,2
10473055,2
10473056,2
10473057,2
10473058,2
10473059,2
10473060,2
10473061,2
10473062,2
10473063,2
10473064,2
10473065,2
10473066,2
10473067,2
10473068,2
10473069,2
10473070,2
10473071,2
10473072,2
10473073,2
10473074,2
10473075,2
10473076,2
10473077,2
10473078,2
10473079,2
10473080,2
10473081,2
10473082,2
10473083,2
10473084,2
10473085,2
10473086,2
10473087,2
10473088,2
10473089,2
10473090,2
10473091,2
10473092,2
10473093,2
10473094,2
10473095,2
10473096,2
10473097,2
10473098,2
10473099,2
10473100,2
10473101,2
10473102,2
10473103,2
10473104,2
10473105,2
10473106,2
10473107,2
10473108,2
10473109,2
10473110,2
10473111,2
10473112,2
10473113,2
10473114,2
10473115,2
10473116,2
10473117,2
10473118,2
10473119,2
10473120,2
10473121,2
10473122,2
10473123,2
10473124,2
10473125,2
10473126,2
10473127,2
10473128,2
10473129,2
10473130,2
10473131,2
10473132,2
10473133,2
10473134,2
10473135,2
10473136,2
10473137,2
10473138,2
10473139,2
10473140,2
10473141,2
10473142,2
10473143,2
10473144,2
10473145,2
10473146,2
10473147,2
10473148,2
10473149,2
10473150,2
10473151,2
10473152,2
10473153,2
10473154,2
10473155,2
10473156,2
10473157,2
10473158,2
10473159,2
10473160,2
10473161,2
10473162,2
10473163,2
10473164,2
10473165,2
10473166,2
10473167,2
10473168,2
10473169,2
10473170,2
10473171,2
10473172,2
10473173,2
10473174,2
10473175,2
10473176,2
10473177,2
10473178,2
10473179,2
10473180,2
10473181,2
10473182,2
10473183,2
10473184,2
10473185,2
10473186,2
10473187,2
10473188,2
10473189,2
10473190,2
10473191,2
10473192,2
10473193,2
10473194,2
10473195,2
10473196,2
10473197,2
10473198,2
10473199,2
10473200,2
10500000,0
10500001,0
10500002,0
10500003,0
10500004,0
10500005,0
10500006,0
10500007,0
10500008,0
10500009,0
10500010,0
10500011,0
10500012,0
10500013,0
10500014,0
10500015,0
10500016,0
10500017,0
10500018,0
10500019,0
10501000,0
10501001,0
10501002,0
10501003,0
10501004,0
10501005,0
10501006,0
10501007,0
10501008,0
10501009,0
10502000,0
10502001,0
10502002,0
10502003,0
10502004,0
10502005,0
10502006,0
10502007,0
10502008,0
10502009,0
10502010,0
10502011,0
10502012,0
10502013,0
10502014,0
10502015,0
10502016,0
10502017,0
10502018,0
10502019,0
10503000,0
10503001,0
10503002,0
10503003,0
10503004,0
10503005,0
10503006,0
10503007,0
10503008,0
10503009,0
10503010,0
10503011,0
10503012,0
10503013,0
10503014,0
10503015,0
10503016,0
10503017,0
10503018,0
10503019,0
10504000,0
10504001,0
10504002,0
10504003,0
10504004,0
10504005,0
10504006,0
10504007,0
10504008,0
10504009,0
10504010,0
10504011,0
10504012,0
10504013,0
10504014,0
10504015,0
10504016,0
10504017,0
10504018,0
10504019,0
10505000,0
10505001,0
10505002,0
10505003,0
10505004,0
10505005,0
10505006,0
10505007,0
10505008,0
10505009,0
10506000,0
10506001,0
10506002,0
10506003,0
10506004,0
10506005,0
10506006,0
10506007,0
10506008,0
10506009,0
10507000,0
10507001,0
10507002,0
10507003,0
10507004,0
10507005,0
10507006,0
10507007,0
10507008,0
10507009,0
10508000,0
10508001,0
10508002,0
10508003,0
10508004,0
10508005,0
10508006,0
10508007,0
10508008,0
10508009,0
10510000,1
10510001,1
10510002,1
10510003,1
10510004,1
10510005,1
10510006,1
10510007,1
10510008,1
10510009,1
10510010,1
10510011,1
10510012,1
10510013,1
10510014,1
10510015,1
10510016,1
10510017,1
10510018,1
10510019,1
10510020,1
10510021,1
10510022,1
10510023,1
10510024,1
10510025,1
10510026,1
10510027,1
10510028,1
10510029,1
10510030,1
10510031,1
10510032,1
10510033,1
10510034,1
10510035,1
10510036,1
10510037,1
10510038,1
10510039,1
10510040,1
10510041,1
10510042,1
10510043,1
10510044,1
10510045,1
10510046,1
10510047,1
10510048,1
10510049,1
10510050,1
10510051,1
10510052,1
10510053,1
10510054,1
10510055,1
10510056,1
10510057,1
10510058,1
10510059,1
10510060,1
10510061,1
10510062,1
10510063,1
10510064,1
10510065,1
10510066,1
10510067,1
10510068,1
10510069,1
10510070,1
10510071,1
10510072,1
10510073,1
10510074,1
10510075,1
10510076,1
10510077,1
10510078,1
10510079,1
10510080,1
10510081,1
10510082,1
10510083,1
10510084,1
10510085,1
10510086,1
10510087,1
10510088,1
10510089,1
10510090,1
10510091,1
10510093,1
10510094,1
10510095,1
10510096,1
10510097,1
10510098,1
10510099,1
10510100,1
10510101,1
10510102,1
10510103,1
10510104,1
10510105,1
10510106,1
10510107,1
10510108,1
10510109,1
10510110,1
10510111,1
10510112,1
10510113,1
10510114,1
10510115,1
10510116,1
10510117,1
10510118,1
10510119,1
10510120,1
10510121,1
10510122,1
10510123,1
10510124,1
10510125,1
10510126,1
10510127,1
10510128,1
10510129,1
10510130,1
10510131,1
10510132,1
10510133,1
10510134,1
10510135,1
10510136,1
10510137,1
10510138,1
10510139,1
10510140,1
10510141,1
10510142,1
10510143,1
10510144,1
10510145,1
10510146,1
10510147,1
10510148,1
10510149,1
10510150,1
10510151,1
10510152,1
10510153,1
10510154,1
10510155,1
10510156,1
10510157,1
10510158,1
10510159,1
10510160,1
10510161,1
10511000,4
10511001,4
10511002,4
10511003,4
10511004,4
10511005,4
10511006,4
10511007,4
10511008,4
10511009,4
10511010,4
10511011,4
10511012,4
10511013,4
10511014,4
10511015,4
10511016,4
10511017,4
10511018,4
10511019,4
10511020,4
10511021,4
10511022,4
10511023,4
10511024,4
10511025,4
10511026,4
10511027,4
10511028,4
10511029,4
10511030,4
10511031,4
10511032,4
10511033,4
10511034,4
10511035,4
10511036,4
10511037,4
10511038,4
10511039,4
10511040,4
10511041,4
10511042,4
10511043,4
10511044,4
10511045,4
10511046,4
10511047,4
10511048,4
10511049,4
10511050,4
10511051,4
10511052,4
10511053,4
10511054,4
10511055,4
10511056,4
10511057,4
10511058,4
10511059,4
10511060,4
10511061,4
10511062,4
10511063,4
10511064,4
10511065,4
10511066,4
10511067,4
10511068,4
10511069,4
10511070,4
10511071,4
10511072,4
10511073,4
10511074,4
10511075,4
10511076,4
10511077,4
10511078,4
10511079,4
10511080,4
10511081,4
10511082,4
10511083,4
10511084,4
10511085,4
10511086,4
10511087,4
10511088,4
10511089,4
10511090,4
10511091,4
10511092,4
10511093,4
10511095,4
10511097,4
10511098,4
10511099,4
10511100,4
10511101,4
10511102,4
10511103,4
10511104,4
10511105,4
10511106,4
10511107,4
10511108,4
10511109,4
10511110,4
10511111,4
10511112,4
10511113,4
10511114,4
10511115,4
10511116,4
10511117,4
10511118,4
10511119,4
10511120,4
10511121,4
10511122,4
10511123,4
10511124,4
10511125,4
10511126,4
10511127,4
10511128,4
10511129,4
10511130,4
10511131,4
10511132,4
10511133,4
10511134,4
10511135,4
10511136,4
10511137,4
10511138,4
10511139,4
10511140,4
10511141,4
10511142,4
10511143,4
10511144,4
10511145,4
10511146,4
10511147,4
10511148,4
10511149,4
10511150,4
10511151,4
10511152,4
10511153,4
10511154,4
10511155,4
10511156,4
10511157,4
10511158,4
10511159,4
10511160,4
10511161,4
10511162,4
10511163,4
10511164,4
10512000,3
10512001,3
10512002,3
10512003,3
10512004,3
10512005,3
10512006,3
10512007,3
10512008,3
10512009,3
10512010,3
10512011,3
10512012,3
10512013,3
10512014,3
10512015,3
10512016,3
10512017,3
10512018,3
10512019,3
10512020,3
10512021,3
10512022,3
10512023,3
10512024,3
10512025,3
10512026,3
10512027,3
10512028,3
10512029,3
10512030,3
10512031,3
10512032,3
10512033,3
10512034,3
10512035,3
10512036,3
10512037,3
10512038,3
10512039,3
10512040,3
10512041,3
10512042,3
10512043,3
10512044,3
10512045,3
10512046,3
10512047,3
10512048,3
10512049,3
10512050,3
10512051,3
10512052,3
10512053,3
10512054,3
10512055,3
10512056,3
10512057,3
10512058,3
10512059,3
10512060,3
10512061,3
10512062,3
10512063,3
10512064,3
10512065,3
10512066,3
10512067,3
10512068,3
10512069,3
10512070,3
10512071,3
10512072,3
10512073,3
10512074,3
10512075,3
10512076,3
10512077,3
10512078,3
10512079,3
10512080,3
10512081,3
10512082,3
10512083,3
10512084,3
10512085,3
10512086,3
10512087,3
10512088,3
10512089,3
10512090,3
10512091,3
10512093,3
10512094,3
10512095,3
10512096,3
10512097,3
10512098,3
10512099,3
10512100,3
10512101,3
10512102,3
10512103,3
10512104,3
10512105,3
10512106,3
10512107,3
10512108,3
10512109,3
10512110,3
10512111,3
10512112,3
10512113,3
10512114,3
10512115,3
10512116,3
10512117,3
10512118,3
10512119,3
10512120,3
10512121,3
10512122,3
10512123,3
10512124,3
10512125,3
10512126,3
10512127,3
10512128,3
10512129,3
10512130,3
10512131,3
10512132,3
10512133,3
10512134,3
10512135,3
10512136,3
10512137,3
10512138,3
10512139,3
10512140,3
10512141,3
10512142,3
10512143,3
10512144,3
10512145,3
10512146,3
10512147,3
10512148,3
10512149,3
10512150,3
10512151,3
10512152,3
10512153,3
10512154,3
10512155,3
10512156,3
10512157,3
10512158,3
10512159,3
10512160,3
10512161,3
10513000,2
10513001,2
10513002,2
10513003,2
10513004,2
10513005,2
10513006,2
10513007,2
10513008,2
10513009,2
10513010,2
10513011,2
10513012,2
10513013,2
10513014,2
10513015,2
10513016,2
10513017,2
10513018,2
10513019,2
10513020,2
10513021,2
10513022,2
10513023,2
10513024,2
10513025,2
10513026,2
10513027,2
10513028,2
10513029,2
10513030,2
10513031,2
10513032,2
10513033,2
10513034,2
10513035,2
10513036,2
10513037,2
10513038,2
10513039,2
10513040,2
10513041,2
10513042,2
10513043,2
10513044,2
10513045,2
10513046,2
10513047,2
10513048,2
10513049,2
10513050,2
10513051,2
10513052,2
10513053,2
10513054,2
10513055,2
10513056,2
10513057,2
10513058,2
10513059,2
10513060,2
10513061,2
10513062,2
10513063,2
10513064,2
10513065,2
10513066,2
10513067,2
10513068,2
10513069,2
10513070,2
10513071,2
10513072,2
10513073,2
10513074,2
10513075,2
10513076,2
10513077,2
10513078,2
10513079,2
10513080,2
10513081,2
10513082,2
10513083,2
10513084,2
10513085,2
10513086,2
10513087,2
10513088,2
10513089,2
10513090,2
10513091,2
10513092,2
10513093,2
10513094,2
10513095,2
10513096,2
10513097,2
10513098,2
10513099,2
10513100,2
10513101,2
10513102,2
10513103,2
10513104,2
10513105,2
10513106,2
10513107,2
10513108,2
10513109,2
10513110,2
10513111,2
10513112,2
10513113,2
10513114,2
10513115,2
10513116,2
10513117,2
10513118,2
10513119,2
10513120,2
10513121,2
10513122,2
10513123,2
10513124,2
10513125,2
10513126,2
10513127,2
10513128,2
10513129,2
10513130,2
10513131,2
10513132,2
10513133,2
10513134,2
10513135,2
10513136,2
10513137,2
10513138,2
10513139,2
10513140,2
10513141,2
10513142,2
10513143,2
10513144,2
10513145,2
10513146,2
10513147,2
10513148,2
10513149,2
10513150,2
10513151,2
10513152,2
10513153,2
10513154,2
10513155,2
10513156,2
10513157,2
10513158,2
10513159,2
10513160,2
10513161,2
10514000,14
10514001,14
10514002,14
10514003,14
10514004,14
10514005,14
10514006,14
10514007,14
10514008,14
10514009,14
10514010,14
10514011,14
10514012,14
10514013,14
10514014,14
10514015,14
10514016,14
10514017,14
10514018,14
10514019,14
10514020,14
10514021,14
10514022,14
10514023,14
10514024,14
10514025,14
10514026,14
10514027,14
10514028,14
10514029,14
10514030,14
10514031,14
10514032,14
10514033,14
10514034,14
10514035,14
10514036,14
10514037,14
10514038,14
10514039,14
10514040,14
10514041,14
10514042,14
10514043,14
10514044,14
10514045,14
10514046,14
10514047,14
10514048,14
10514049,14
10514050,14
10514051,14
10514052,14
10514053,14
10514054,14
10514055,14
10514056,14
10514057,14
10514058,14
10514059,14
10514060,14
10514061,14
10514062,14
10514063,14
10514064,14
10514065,14
10514066,14
10514067,14
10514068,14
10514069,14
10514070,14
10514071,14
10514072,14
10514073,14
10514074,14
10514075,14
10514076,14
10514077,14
10514078,14
10514079,14
10514080,14
10514081,14
10514082,14
10514083,14
10514084,14
10514085,14
10514086,14
10514087,14
10514088,14
10514089,14
10514090,14
10514091,14
10514092,14
10514093,14
10514094,14
10514095,14
10514096,14
10514097,14
10514098,14
10514099,14
10514100,14
10514102,14
10514103,14
10514104,14
10514105,14
10514106,14
10514107,14
10514108,14
10514109,14
10514110,14
10514111,14
10514112,14
10514113,14
10514114,14
10514115,14
10514116,14
10514117,14
10514118,14
10514119,14
10514120,14
10514121,14
10514122,14
10514123,14
10514124,14
10514125,14
10514126,14
10514127,14
10514128,14
10514129,14
10514130,14
10514131,14
10514132,14
10514133,14
10514134,14
10514135,14
10514136,14
10514137,14
10514138,14
10514139,14
10514149,14
10514150,14
10514151,14
10514152,14
10514153,14
10514154,14
10514155,14
10514156,14
10514157,14
10514158,14
10514159,14
10514169,14
10514170,14
10514171,14
10514172,14
10514173,14
10514174,14
10514175,14
10514176,14
10514177,14
10514178,14
10514179,14
10514180,14
10514181,14
10514182,14
10514183,14
10514184,14
10515000,15
10515001,15
10515002,15
10515003,15
10515004,15
10515005,15
10515006,15
10515007,15
10515008,15
10515009,15
10515010,15
10515011,15
10515012,15
10515013,15
10515014,15
10515015,15
10515016,15
10515017,15
10515018,15
10515019,15
10515020,15
10515021,15
10515022,15
10515023,15
10515024,15
10515025,15
10515026,15
10515027,15
10515028,15
10515029,15
10515030,15
10515031,15
10515032,15
10515033,15
10515034,15
10515035,15
10515036,15
10515037,15
10515038,15
10515039,15
10515040,15
10515041,15
10515042,15
10515043,15
10515044,15
10515045,15
10515046,15
10515047,15
10515048,15
10515049,15
10515050,15
10515051,15
10515052,15
10515053,15
10515054,15
10515055,15
10515056,15
10515057,15
10515058,15
10515059,15
10515060,15
10515061,15
10515062,15
10515063,15
10515064,15
10515065,15
10515066,15
10515067,15
10515068,15
10515069,15
10515070,15
10515071,15
10515072,15
10515073,15
10515074,15
10515075,15
10515076,15
10515077,15
10515078,15
10515079,15
10515080,15
10515081,15
10515082,15
10515083,15
10515084,15
10515085,15
10515086,15
10515087,15
10515088,15
10515089,15
10515090,15
10515091,15
10515092,15
10515093,15
10515094,15
10515095,15
10515096,15
10515097,15
10515098,15
10515099,15
10515100,15
10515101,15
10515102,15
10515103,15
10515104,15
10515105,15
10515106,15
10515107,15
10515108,15
10515109,15
10515110,15
10515111,15
10515112,15
10515113,15
10515114,15
10515115,15
10515116,15
10515117,15
10515118,15
10515119,15
10515120,15
10515121,15
10515122,15
10515123,15
10515124,15
10515125,15
10515126,15
10515127,15
10515128,15
10515129,15
10515130,15
10515131,15
10515132,15
10515133,15
10515134,15
10515135,15
10515136,15
10515137,15
10515138,15
10515139,15
10515149,15
10515150,15
10515151,15
10515152,15
10515153,15
10515154,15
10515155,15
10515156,15
10515157,15
10515158,15
10515159,15
10515169,15
10515170,15
10515171,15
10515172,15
10515173,15
10515174,15
10515175,15
10515176,15
10515177,15
10515178,15
10515179,15
10515180,15
10515181,15
10515182,15
10515183,15
10515184,15
10516000,0
10516001,0
10516002,0
10516003,0
10516004,0
10516005,0
10516006,0
10516007,0
10516008,0
10516009,0
10517002,0
10517005,0
10517008,0
10517009,0
10520000,7
10520001,7
10520002,7
10520003,7
10520004,7
10520005,7
10520006,7
10520007,7
10520008,7
10520009,7
10520010,7
10520011,7
10520012,7
10520013,7
10520014,7
10520015,7
10520016,7
10520017,7
10520018,7
10520019,7
10520020,7
10520021,7
10520022,7
10520023,7
10520024,7
10520025,7
10520026,7
10520027,7
10520028,7
10520029,7
10520030,7
10520031,7
10520032,7
10520033,7
10520034,7
10520035,7
10520036,7
10520037,7
10520038,7
10520039,7
10520040,7
10520041,7
10520042,7
10520043,7
10520044,7
10520045,7
10520046,7
10520047,7
10520048,7
10520049,7
10520050,7
10520051,7
10520052,7
10520053,7
10520054,7
10520055,7
10520056,7
10520057,7
10520058,7
10520059,7
10520060,7
10520061,7
10520062,7
10520063,7
10520064,7
10520065,7
10520066,7
10520067,7
10520068,7
10520069,7
10520070,7
10520071,7
10520072,7
10520073,7
10520074,7
10520075,7
10520076,7
10520077,7
10520078,7
10520079,7
10520080,7
10520081,7
10520082,7
10520083,7
10520084,7
10520085,7
10520086,7
10520087,7
10520088,7
10520089,7
10520090,7
10520091,7
10520093,7
10520094,7
10520095,7
10520096,7
10520097,7
10520098,7
10520099,7
10520100,7
10520101,7
10520102,7
10520103,7
10520104,7
10520105,7
10520106,7
10520107,7
10520108,7
10520109,7
10520110,7
10520111,7
10520112,7
10520113,7
10520114,7
10520115,7
10520116,7
10520117,7
10520118,7
10520119,7
10520120,7
10520121,7
10520122,7
10520123,7
10520124,7
10520125,7
10520126,7
10520127,7
10520128,7
10520129,7
10520130,7
10520131,7
10520132,7
10520133,7
10520134,7
10520135,7
10520136,7
10520137,7
10520138,7
10520139,7
10520140,7
10520141,7
10520142,7
10520143,7
10520144,7
10520145,7
10520146,7
10520147,7
10520148,7
10520149,7
10520150,7
10520151,7
10520152,7
10520153,7
10520154,7
10520155,7
10520156,7
10520157,7
10520158,7
10520159,7
10520160,7
10520161,7
10521000,5
10521001,5
10521002,5
10521003,5
10521004,5
10521005,5
10521006,5
10521007,5
10521008,5
10521009,5
10521010,5
10521011,5
10521012,5
10521013,5
10521014,5
10521015,5
10521016,5
10521017,5
10521018,5
10521019,5
10521020,5
10521021,5
10521022,5
10521023,5
10521024,5
10521025,5
10521026,5
10521027,5
10521028,5
10521029,5
10521030,5
10521031,5
10521032,5
10521033,5
10521034,5
10521035,5
10521036,5
10521037,5
10521038,5
10521039,5
10521040,5
10521041,5
10521042,5
10521043,5
10521044,5
10521045,5
10521046,5
10521047,5
10521048,5
10521049,5
10521050,5
10521051,5
10521052,5
10521053,5
10521054,5
10521055,5
10521056,5
10521057,5
10521058,5
10521059,5
10521060,5
10521061,5
10521062,5
10521063,5
10521064,5
10521065,5
10521066,5
10521067,5
10521068,5
10521069,5
10521070,5
10521071,5
10521072,5
10521073,5
10521074,5
10521075,5
10521076,5
10521077,5
10521078,5
10521079,5
10521080,5
10521081,5
10521082,5
10521083,5
10521084,5
10521085,5
10521086,5
10521087,5
10521088,5
10521089,5
10521090,5
10521091,5
10521092,5
10521093,5
10521094,5
10521095,5
10521096,5
10521097,5
10521098,5
10521099,5
10521100,5
10521101,5
10521102,5
10521103,5
10521104,5
10521105,5
10521106,5
10521107,5
10521108,5
10521109,5
10521110,5
10521111,5
10521112,5
10521113,5
10521114,5
10521115,5
10521116,5
10521117,5
10521118,5
10521119,5
10521120,5
10521121,5
10521122,5
10521123,5
10521124,5
10521125,5
10521126,5
10521127,5
10521128,5
10521129,5
10521130,5
10521131,5
10521132,5
10521133,5
10521134,5
10521135,5
10521136,5
10521137,5
10521138,5
10521139,5
10521149,5
10521150,5
10521151,5
10521152,5
10521153,5
10521154,5
10521155,5
10521156,5
10521157,5
10521158,5
10521159,5
10521169,5
10521170,5
10521171,5
10521172,5
10521173,5
10521174,5
10521175,5
10521176,5
10521177,5
10521178,5
10521179,5
10521180,5
10521181,5
10521182,5
10521183,5
10521184,5
10522000,6
10522001,6
10522002,6
10522003,6
10522004,6
10522005,6
10522006,6
10522007,6
10522008,6
10522009,6
10522010,6
10522011,6
10522012,6
10522013,6
10522014,6
10522015,6
10522016,6
10522017,6
10522018,6
10522019,6
10522020,6
10522021,6
10522022,6
10522023,6
10522024,6
10522025,6
10522026,6
10522027,6
10522028,6
10522029,6
10522030,6
10522031,6
10522032,6
10522033,6
10522034,6
10522035,6
10522036,6
10522037,6
10522038,6
10522039,6
10522040,6
10522041,6
10522042,6
10522043,6
10522044,6
10522045,6
10522046,6
10522047,6
10522048,6
10522049,6
10522050,6
10522051,6
10522052,6
10522053,6
10522054,6
10522055,6
10522056,6
10522057,6
10522058,6
10522059,6
10522060,6
10522061,6
10522062,6
10522063,6
10522064,6
10522065,6
10522066,6
10522067,6
10522068,6
10522069,6
10522070,6
10522071,6
10522072,6
10522073,6
10522074,6
10522075,6
10522076,6
10522077,6
10522078,6
10522079,6
10522080,6
10522081,6
10522082,6
10522083,6
10522084,6
10522085,6
10522086,6
10522087,6
10522088,6
10522089,6
10522090,6
10522091,6
10522092,6
10522093,6
10522094,6
10522095,6
10522096,6
10522097,6
10522098,6
10522100,6
10522102,6
10522103,6
10522104,6
10522105,6
10522106,6
10522107,6
10522108,6
10522109,6
10522110,6
10522111,6
10522112,6
10522113,6
10522114,6
10522115,6
10522116,6
10522117,6
10522118,6
10522119,6
10522120,6
10522121,6
10522122,6
10522123,6
10522124,6
10522125,6
10522126,6
10522127,6
10522128,6
10522129,6
10522130,6
10522131,6
10522132,6
10522133,6
10522134,6
10522135,6
10522136,6
10522137,6
10522138,6
10522139,6
10522149,6
10522150,6
10522151,6
10522152,6
10522153,6
10522154,6
10522155,6
10522156,6
10522157,6
10522158,6
10522159,6
10522169,6
10522170,6
10522171,6
10522172,6
10522173,6
10522174,6
10522175,6
10522176,6
10522177,6
10522178,6
10522179,6
10522180,6
10522181,6
10522182,6
10522183,6
10522184,6
10522185,6
10522186,6
10522187,6
10523000,12
10523001,12
10523002,12
10523003,12
10523004,12
10523005,12
10523006,12
10523007,12
10523008,12
10523009,12
10523010,12
10523011,12
10523012,12
10523013,12
10523014,12
10523015,12
10523016,12
10523017,12
10523018,12
10523019,12
10523020,12
10523021,12
10523022,12
10523023,12
10523024,12
10523025,12
10523026,12
10523027,12
10523028,12
10523029,12
10523030,12
10523031,12
10523032,12
10523033,12
10523034,12
10523035,12
10523036,12
10523037,12
10523038,12
10523039,12
10523040,12
10523041,12
10523042,12
10523043,12
10523044,12
10523045,12
10523046,12
10523047,12
10523048,12
10523049,12
10523050,12
10523051,12
10523052,12
10523053,12
10523054,12
10523055,12
10523056,12
10523057,12
10523058,12
10523059,12
10523060,12
10523061,12
10523062,12
10523063,12
10523064,12
10523065,12
10523066,12
10523067,12
10523068,12
10523069,12
10523070,12
10523071,12
10523072,12
10523073,12
10523074,12
10523075,12
10523076,12
10523077,12
10523078,12
10523079,12
10523080,12
10523081,12
10523082,12
10523083,12
10523084,12
10523085,12
10523086,12
10523087,12
10523088,12
10523089,12
10523090,12
10523091,12
10523092,12
10523093,12
10523094,12
10523095,12
10523096,12
10523097,12
10523098,12
10523099,12
10523100,12
10523102,12
10523103,12
10523104,12
10523105,12
10523106,12
10523107,12
10523108,12
10523109,12
10523110,12
10523111,12
10523112,12
10523113,12
10523114,12
10523115,12
10523116,12
10523117,12
10523118,12
10523119,12
10523120,12
10523121,12
10523122,12
10523123,12
10523124,12
10523125,12
10523126,12
10523127,12
10523128,12
10523129,12
10523130,12
10523131,12
10523132,12
10523133,12
10523134,12
10523135,12
10523136,12
10523137,12
10523138,12
10523139,12
10523149,12
10523150,12
10523151,12
10523152,12
10523153,12
10523154,12
10523155,12
10523156,12
10523157,12
10523158,12
10523159,12
10523169,12
10523170,12
10523171,12
10523172,12
10523173,12
10523174,12
10523175,12
10523176,12
10523177,12
10523178,12
10523179,12
10523180,12
10523181,12
10523182,12
10523183,12
10523184,12
10523185,12
10523186,12
10523187,12
10552000,6
10552001,6
10552002,6
10552003,6
10552004,6
10552005,6
10552006,6
10552007,6
10552008,6
10552009,6
10552010,6
10552011,6
10552012,6
10552013,6
10552014,6
10552015,6
10552016,6
10552017,6
10552018,6
10552019,6
10552020,6
10552021,6
10552022,6
10552023,6
10552024,6
10552025,6
10552026,6
10552027,6
10552028,6
10552029,6
10552030,6
10552031,6
10552032,6
10552033,6
10552034,6
10552035,6
10552036,6
10552037,6
10552038,6
10552039,6
10552040,6
10552041,6
10552042,6
10552043,6
10552044,6
10552045,6
10552046,6
10552047,6
10552048,6
10552049,6
10552050,6
10552051,6
10552052,6
10552053,6
10552054,6
10552055,6
10552056,6
10552057,6
10552058,6
10552059,6
10552060,6
10552061,6
10552062,6
10552063,6
10552064,6
10552065,6
10552066,6
10552067,6
10552068,6
10552069,6
10552070,6
10552071,6
10552072,6
10552073,6
10552074,6
10552075,6
10552076,6
10552077,6
10552078,6
10552079,6
10552080,6
10552081,6
10552082,6
10552083,6
10552084,6
10552085,6
10552086,6
10552087,6
10552088,6
10552089,6
10552090,6
10552091,6
10552092,6
10552093,6
10552094,6
10552095,6
10552096,6
10552097,6
10552098,6
10552099,6
10552100,6
10552101,6
10552102,6
10552103,6
10552104,6
10552105,6
10552106,6
10552107,6
10552108,6
10552109,6
10552110,6
10552111,6
10552112,6
10552113,6
10552114,6
10552115,6
10552116,6
10552117,6
10552118,6
10552119,6
10552120,6
10552121,6
10552122,6
10552123,6
10552124,6
10552125,6
10552126,6
10552127,6
10552128,6
10552129,6
10552130,6
10552131,6
10552132,6
10552133,6
10552134,6
10552135,6
10552136,6
10552137,6
10552138,6
10552139,6
10552140,6
10552141,6
10552142,6
10552143,6
10552144,6
10552145,6
10552146,6
10552147,6
10552148,6
10552149,6
10552150,6
10552151,6
10552152,6
10552153,6
10552154,6
10552155,6
10553000,12
10553001,12
10553002,12
10553003,12
10553004,12
10553005,12
10553006,12
10553007,12
10553008,12
10553009,12
10553010,12
10553011,12
10553012,12
10553013,12
10553014,12
10553015,12
10553016,12
10553017,12
10553018,12
10553019,12
10553020,12
10553021,12
10553022,12
10553023,12
10553024,12
10553025,12
10553026,12
10553027,12
10553028,12
10553029,12
10553030,12
10553031,12
10553032,12
10553033,12
10553034,12
10553035,12
10553036,12
10553037,12
10553038,12
10553039,12
10553040,12
10553041,12
10553042,12
10553043,12
10553044,12
10553045,12
10553046,12
10553047,12
10553048,12
10553049,12
10553050,12
10553051,12
10553052,12
10553053,12
10553054,12
10553055,12
10553056,12
10553057,12
10553058,12
10553059,12
10553060,12
10553061,12
10553062,12
10553063,12
10553064,12
10553065,12
10553066,12
10553067,12
10553068,12
10553069,12
10553070,12
10553071,12
10553072,12
10553073,12
10553074,12
10553075,12
10553076,12
10553077,12
10553078,12
10553079,12
10553080,12
10553081,12
10553082,12
10553083,12
10553084,12
10553085,12
10553086,12
10553087,12
10553088,12
10553089,12
10553090,12
10553091,12
10553092,12
10553093,12
10553094,12
10553095,12
10553096,12
10553097,12
10553098,12
10553099,12
10553100,12
10553101,12
10553102,12
10553103,12
10553104,12
10553105,12
10553106,12
10553107,12
10553108,12
10553109,12
10553110,12
10553111,12
10553112,12
10553113,12
10553114,12
10553115,12
10553116,12
10553117,12
10553118,12
10553119,12
10553120,12
10553121,12
10553122,12
10553123,12
10553124,12
10553125,12
10553126,12
10553127,12
10553128,12
10553129,12
10553130,12
10553131,12
10553132,12
10553133,12
10553134,12
10553135,12
10553136,12
10553137,12
10553138,12
10553139,12
10553140,12
10553141,12
10553142,12
10553143,12
10553144,12
10553145,12
10553146,12
10553147,12
10553148,12
10553149,12
10553150,12
10553151,12
10553152,0
10553153,1
10553154,2
10553155,4
10553156,5
10553157,3
10553158,14
10553159,15
10553160,7
10553161,6
10553162,6
10553163,12
10553164,12
10600001,22
10600002,22
10600003,22
10600004,22
10600005,22
10600006,22
10600007,22
10600008,22
10600009,22
10600010,22
10600011,22
10600012,22
10600013,22
10600014,22
10600015,22
10600016,22
10600017,22
10600018,22
10600019,22
10600020,22
10600021,22
10600022,22
10600023,22
10600024,22
10600025,22
10600026,22
10600027,22
10600028,22
10600029,22
10600030,22
10600031,22
10600032,22
10600033,22
10600034,22
10600035,22
10600036,22
10600037,22
10600038,22
10600039,22
10600040,22
10600041,22
10600042,22
10600043,22
10600044,22
10600045,22
10600046,22
10600047,22
10600048,22
10600049,22
10600050,22
10600051,22
10600052,22
10600053,22
10600054,22
10600055,22
10600056,22
10600057,22
10600058,22
10600059,22
10600060,22
10600061,22
10600062,22
10600063,22
10600064,22
10600065,22
10600066,22
10600067,22
10600068,22
10600069,22
10600070,22
10600071,22
10600072,22
10600073,22
10600074,22
10600075,22
10600076,22
10600077,22
10600078,22
10600079,22
10600080,22
10600081,22
10600082,22
10600083,22
10600084,22
10600085,22
10600086,22
10600087,22
10600088,22
10600089,22
10600090,22
10600091,22
10600092,22
10600093,22
10600094,22
10600095,22
10600096,22
10600097,22
10600098,22
10600099,22
10600100,22
10600101,22
10600102,22
10600103,22
10600104,22
10600105,22
10600106,22
10600107,22
10600108,22
10600109,22
10600110,22
10600111,22
10600112,22
10600113,22
10600114,22
10600115,22
10600116,22
10600117,22
10600118,22
10600119,22
10600120,22
10600121,22
10600122,22
10600123,22
10600124,22
10600125,22
10600126,22
10600127,22
10600128,22
10600129,22
10600130,22
10600131,22
10600132,22
10600133,22
10600134,22
10600135,22
10600136,22
10600137,22
10600138,22
10600139,22
10600140,22
10600141,22
10600142,22
10600143,22
10600144,22
10600145,22
10600146,22
10600147,22
10600148,22
10600149,22
10600150,22
10600151,22
10600152,22
10600153,22
10600154,22
10600155,22
10600156,22
10600157,22
10600158,22
10600159,22
10600160,22
10600161,22
10600162,22
10600163,22
10600164,22
10600165,22
10600166,22
10600167,22
10600168,22
10600169,22
10600170,22
10600171,22
10600172,22
10600173,22
10600174,22
10600175,22
10600176,22
10600177,22
10600178,22
10600179,22
10600180,22
10600181,22
10600182,22
10600183,22
10600184,22
10600185,22
10600186,22
10600187,22
10600188,22
10600189,22
10600190,22
10600191,22
10600192,22
10600193,22
10600194,22
10600195,22
10600196,22
10600197,22
10600198,22
10600199,22
10600200,22
10600201,22
10600202,22
10600203,22
10600204,22
10600205,22
10600206,22
10600207,22
10600208,22
10600209,22
10600210,22
10600211,22
10600212,22
10600213,22
10600214,22
10600215,22
10600216,22
10600217,22
10600218,22
10600219,22
10600220,22
10600221,22
10600222,22
10600223,22
10600224,22
10600225,22
10600226,22
10600227,22
10600228,22
10600229,22
10600230,22
10600231,22
10600232,22
10600233,22
10600234,22
10600235,22
10600236,22
10600237,22
10600238,22
10600239,22
10600240,22
10600241,22
10600242,22
10600243,22
10600244,22
10600245,22
10600246,22
10600247,22
10600248,22
10600249,22
10600250,22
10600251,22
10600252,22
10600253,22
10600254,22
10600255,22
10600256,22
10600257,22
10600258,22
10600259,22
10600260,22
10600261,22
10600262,22
10600263,22
10600264,22
10600265,22
10600266,22
10600267,22
10600268,22
10600269,22
10600270,22
10600271,22
10600272,22
10600273,22
10600274,22
10600275,22
10600276,22
10600277,22
10600278,22
10600279,22
10600280,22
10600281,22
10600282,22
10600283,22
10600284,22
10600285,22
10600286,22
10600287,22
10600288,22
10600289,22
10600290,22
10600291,22
10600292,22
10600293,22
10600294,22
10600295,22
10600296,22
10600297,22
10600298,22
10600299,22
10600300,22
10600301,22
10600302,22
10600303,22
10600304,22
10600305,22
10600306,22
10600307,22
10600308,22
10600309,22
10600310,22
10600311,22
10600312,22
10600313,22
10600314,22
10600315,22
10600316,22
10600317,22
10600318,22
10600319,22
10600320,22
10600321,22
10600322,22
10600323,22
10600324,22
10600325,22
10600326,22
10600327,22
10600328,22
10600329,22
10600330,22
10600331,22
10600332,22
10600333,22
10600334,22
10600335,22
10600336,22
10600337,22
10600338,22
10600339,22
10600340,22
10600341,22
10600342,22
10600343,22
10600344,22
10600345,22
10600346,22
10600347,22
10600348,22
10600349,22
10600350,22
10600351,22
10600352,22
10600353,22
10600354,22
10600355,22
10600356,22
10600357,22
10600358,22
10600359,22
10600360,22
10600361,22
10600362,22
10600363,22
10600364,22
10600365,22
10600366,22
10600367,22
10600368,22
10600369,22
10600370,22
10600371,22
10600372,22
10600373,22
10600374,22
10600375,22
10600376,22
10600377,22
10600378,22
10600379,22
10600380,22
10600381,22
10600382,22
10600383,22
10600384,22
10600385,22
10600386,22
10600387,22
10600388,22
10600389,22
10600390,22
10600391,22
10600392,22
10600393,22
10600394,22
10600395,22
10600396,22
10600397,22
10600398,22
10600399,22
10600400,22
10600401,22
10600402,22
10600403,22
10600404,22
10600405,22
10600406,22
10600407,22
10600408,22
10600409,22
10600410,22
10600411,22
10600412,22
10600413,22
10600414,22
10600415,22
10600416,22
10600417,22
10600418,22
10600419,22
10600420,22
10600421,22
10600422,22
10600423,22
10600424,22
10600425,22
10600426,22
10600427,22
10600428,22
10600429,22
10600430,22
10600431,22
10600432,22
10600433,22
10600434,22
10600435,22
10600436,22
10600437,22
10600438,22
10600439,22
10600440,22
10600441,22
10600442,22
10600443,22
10600444,22
10600445,22
10600446,22
10600447,22
10600448,22
10600449,22
10600450,22
10600451,22
10600452,22
10600453,22
10600454,22
10600455,22
10600456,22
10600457,22
10600458,22
10600459,22
10600460,22
10600461,22
10600462,22
10600463,22
10600464,22
10600465,22
10600466,22
10600467,22
10600468,22
10600469,22
10600470,22
10600471,22
10600472,22
10600473,22
10600474,22
10600475,22
10600476,22
10600477,22
10600478,22
10600479,22
10600480,22
10600481,22
10600482,22
10600483,22
10600484,22
10600485,22
10600486,22
10600487,22
10600488,22
10600489,22
10600490,22
10600491,22
10600492,22
10600493,22
10600494,22
10600495,22
10600496,22
10600497,22
10600498,22
10600499,22
10600500,22
10600501,22
10600502,22
10600503,22
10600504,22
10600505,22
10600506,22
10600507,22
10600508,22
10600509,22
10600510,22
10600511,22
10600512,22
10600513,22
10600514,22
10600515,22
10600516,22
10600517,22
10600518,22
10600519,22
10600520,22
10600521,22
10600522,22
10600523,22
10600524,22
10600525,22
10600526,22
10600527,22
10600528,22
10600529,22
10600530,22
10600531,22
10600532,22
10600533,22
10600534,22
10600535,22
10600536,22
10600537,22
10600538,22
10600539,22
10600540,22
10600541,22
10600542,22
10600543,22
10600544,22
10600545,22
10600546,22
10600547,22
10600548,22
10600549,22
10600550,22
10600551,22
10600552,22
10600553,22
10600554,22
10600555,22
10600556,22
10600557,22
10600558,22
10600559,22
10600560,22
10600561,22
10600562,22
10600563,22
10600564,22
10600565,22
10600566,22
10600567,22
10600568,22
10600569,22
10600570,22
10600571,22
10600572,22
10600573,22
10600574,22
10600575,22
10600576,22
10600577,22
10600578,22
10600579,22
10600580,22
10600581,22
10600582,22
10600583,22
10600584,22
10600585,22
10600586,22
10600587,22
10600588,22
10600589,22
10600590,22
10600591,22
10600592,22
10600593,22
10600594,22
10600595,22
10600900,22
10600901,22
10600902,22
10600903,22
10610001,22
10610002,22
10610003,22
10610004,22
10610005,22
10610006,22
10610007,22
10610008,22
10610009,22
10610010,22
10610011,22
10610012,22
10610013,22
10610014,22
10610015,22
10610016,22
10610017,22
10610018,22
10610019,22
10610020,22
10610021,22
10610022,22
10610023,22
10610024,22
10610025,22
10610026,22
10610027,22
10610028,22
10610029,22
10610030,22
10610031,22
10610032,22
10610033,22
10610034,22
10610035,22
10610036,22
10610037,22
10610038,22
10610039,22
10610040,22
10610041,22
10610042,22
10610043,22
10610044,22
10610045,22
10610046,22
10610047,22
10610048,22
10610049,22
10610050,22
10610051,22
10610052,22
10610053,22
10610054,22
10610055,22
10610056,22
10610057,22
10610058,22
10610059,22
10610060,22
10610061,22
10610062,22
10610063,22
10610064,22
10610065,22
10610066,22
10610067,22
10610068,22
10610069,22
10610070,22
10610071,22
10610072,22
10610073,22
10610074,22
10610075,22
10610076,22
10610077,22
10610078,22
10610079,22
10610080,22
10610081,22
10610082,22
10610083,22
10610084,22
10610085,22
10610086,22
10610087,22
10610088,22
10610089,22
10610090,22
10610091,22
10610092,22
10610093,22
10610094,22
10610095,22
10610096,22
10610097,22
10610098,22
10610099,22
10610100,22
10610101,22
10610102,22
10610103,22
10610104,22
10610105,22
10610106,22
10610107,22
10610108,22
10610109,22
10610110,22
10610111,22
10610112,22
10610113,22
10610114,22
10610115,22
10610116,22
10610117,22
10610118,22
10610119,22
10610120,22
10610121,22
10610122,22
10610123,22
10610124,22
10610125,22
10610126,22
10610127,22
10610128,22
10610129,22
10610130,22
10610131,22
10610132,22
10610133,22
10610134,22
10610135,22
10610136,22
10610137,22
10610138,22
10610139,22
10610140,22
10610141,22
10610142,22
10610143,22
10610144,22
10610145,22
10610146,22
10610147,22
10610148,22
10610149,22
10610150,22
10610151,22
10610152,22
10610153,22
10610154,22
10610155,22
10610156,22
10610157,22
10610158,22
10610159,22
10610160,22
10610161,22
10610162,22
10610163,22
10610164,22
10610165,22
10610166,22
10610167,22
10610168,22
10610169,22
10610170,22
10610171,22
10610172,22
10610173,22
10610174,22
10610175,22
10610176,22
10610177,22
10610178,22
10610179,22
10610180,22
10610181,22
10610182,22
10610183,22
10610184,22
10610185,22
10610186,22
10610187,22
10610188,22
10610189,22
10610190,22
10610191,22
10610192,22
10610193,22
10610194,22
10610195,22
10700000,16
10700001,16
10700002,16
10700003,16
10700004,16
10700005,16
10700006,16
10800000,6
10800001,12
10800002,15
10800003,7
10800004,3
10800005,1
10800006,14
10800007,2
10800008,4
10800009,5
10880005,1
10880006,4
10880007,3
10880008,2
10880009,14
10880010,15
10880011,7
10880012,5
10880013,6
10880014,12
10880015,1
10880016,4
10880017,3
10880018,2
10880019,14
10880020,15
10880021,7
10880022,5
10880023,6
10880024,12
10880025,0
10880026,0
10880027,0
10880028,0
10880029,0
10880030,0
10880031,0
10880032,0
10880033,0
10880034,0
10880035,0
10880036,0
10880037,0
10880038,0
10880039,0
10880040,8
10880041,8
10880042,8
10880043,16
10880044,16
10880045,16
10900000,8
10900001,8
10900002,8
10900003,8
10900004,22
11000000,16
11000001,16
11000002,16
11000003,16
11000100,8
11000101,8
11000102,8
11000103,8
11000104,8
11000105,8
11000201,4
11000202,4
11000203,4
11000204,4
11000205,3
11000207,3
11000208,3
11000209,3
11000210,2
11000211,2
11000212,2
11000213,2
11000214,14
11000215,14
11000216,14
11000217,14
11000218,14
11000219,15
11000220,15
11000221,15
11000222,15
11000223,15
11000224,7
11000225,7
11000226,7
11000227,7
11000228,7
11000229,7
11000230,7
11000231,5
11000232,5
11000233,5
11000234,5
11000235,5
11000236,6
11000237,6
11000238,6
11000239,6
11000240,6
11000241,6
11000242,12
11000243,12
11000244,12
11000245,12
11000246,12
11000247,12
11000248,6
11000249,6
11000250,12
11000300,0
11000301,0
11000302,0
11000303,0
11000304,0
11000305,0
11000306,0
11000307,0
11000308,0
11000309,0
11000310,0
11000311,0
11000312,0
11000313,0
11000314,0
11000315,0
11000316,0
11000317,0
11000318,0
11000319,0
11000320,0
11000321,0
11000322,0
11000323,0
11000324,0
11000325,0
11000326,0
11000327,0
11000328,0
11000329,0
11000330,0
11000331,0
11000332,0
11000333,0
11000334,0
11000335,0
11000336,0
11000337,0
11000338,0
11000339,0
11000340,0
11000341,0
11000342,0
11000343,0
11000344,0
11000345,0
11000346,0
11000349,0
11000350,0
11000351,0
11000352,0
11000353,0
11000354,0
11000355,0
11000356,0
11000357,0
11000361,0
11000362,0
11000363,0
11000364,0
11000365,0
11000366,0
11000367,0
11000368,0
11000369,0
11000370,0
11000371,0
11000372,0
11000373,0
11000374,0
11000375,0
11000376,0
11000377,0
11000378,0
11000379,0
11000380,0
11000381,0
11000382,0
11000383,0
11000384,0
11000385,0
11000386,0
11000387,0
11000388,0
11000389,0
11000390,0
11000391,0
11000392,0
11000393,0
11000394,0
11000395,0
11000396,0
11000397,0
11000398,0
11000399,0
11000400,0
11000401,0
11000402,0
11000403,0
11000404,0
11000405,0
11000406,0
11000407,0
11000408,0
11000409,0
11000410,0
11000411,0
11000412,0
11000413,0
11000414,0
11000415,0
11000416,0
11000417,0
11000418,0
11000419,0
11000420,0
11000421,0
11000422,0
11000423,0
11000424,0
11000425,0
11000426,0
11000427,0
11000428,0
11000429,0
11000430,0
11000431,0
11000432,0
11000433,0
11000434,0
11000435,0
11000436,0
11000437,0
11000438,0
11000439,0
11000440,0
11000441,0
11000442,0
11000443,0
11000444,0
11000445,0
11000446,0
11000447,0
11000448,0
11000449,0
11000450,0
11000451,0
11000452,0
11000453,0
11000454,0
11000455,0
11000456,0
11000457,0
11000458,0
11000459,0
11000460,0
11000461,0
11000462,0
11000463,0
11000464,0
11000465,0
11000466,0
11000467,0
11000468,0
11000469,0
11000470,0
11000471,0
11000472,0
11000473,0
11000474,0
11000475,0
11000476,0
11000477,0
11000478,0
11000479,0
11000480,0
11000481,0
11000482,0
11000483,0
11000484,0
11000485,0
11000487,0
11000488,0
11000489,0
11000490,1
11000491,0
11000492,1
11000493,4
11000494,3
11000495,4
11000496,1
11000497,4
11000498,1
11000499,1
11124258,16
11124348,16
11124349,16
11124350,16
11124351,16
11124352,16
11124353,16
11124354,16
11124355,16
11124368,16
11124369,16
11124370,16
11124371,16
11124372,16
11124373,16
11124374,16
11124375,16
11124400,16
11124401,16
11124402,16
11124403,16
11124404,16
11124405,16
11124406,16
11124407,16
11124512,16
11124513,16
11124514,16
11124515,16
11124516,16
11124517,16
11124518,16
11124519,16
11124520,16
11124521,16
11124522,16
11124523,16
11124524,16
11124525,16
11124526,16
11124527,16
11124536,16
11124537,16
11124539,16
11124540,16
11124541,16
11124542,16
11124563,16
11124564,16
11124565,16
11124566,16
11124567,16
11124568,16
11124569,16
11124570,16
11124579,16
11124580,16
11124581,16
11124582,16
11124583,16
11124584,16
11124585,16
11124586,16
11124597,16
11124598,16
11124599,16
11124600,16
11124601,16
11124602,16
11124603,16
11124604,16
11124613,16
11124634,16
11124635,16
11124636,16
11124637,16
11124638,16
11124639,16
11124640,16
11124641,16
11124650,16
11124651,16
11124652,16
11124653,16
11124654,16
11124655,16
11124656,16
11124657,16
11124702,16
11124703,16
11124704,16
11124705,16
11124706,16
11124707,16
11124708,16
11124709,16
11124772,16
11124773,16
11124774,16
11124775,16
11124776,16
11124777,16
11124778,16
11124779,16
11124780,16
11124861,16
11124862,16
11124863,16
11124864,16
11124865,16
11124866,16
11124867,16
11124868,16
11124877,16
11124878,16
11124879,16
11124880,16
11124881,16
11124882,16
11124883,16
11124884,16
11124893,16
11124894,16
11124895,16
11124896,16
11124897,16
11124898,16
11124899,16
11124900,16
11124909,16
11124910,16
11124911,16
11124912,16
11124913,16
11124914,16
11124915,16
11124916,16
11124931,16
11124932,16
11124933,16
11124934,16
11124935,16
11124936,16
11124937,16
11124938,16
11124947,16
11124948,16
11124949,16
11124950,16
11124951,16
11124952,16
11124953,16
11124954,16
11124966,16
11124967,16
11124968,16
11124969,16
11124970,16
11124971,16
11124972,16
11124973,16
11124982,16
11124983,16
11124984,16
11124985,16
11124986,16
11124987,16
11124988,16
11124989,16
11124998,16
11124999,16
11125000,16
11125001,16
11125002,16
11125003,16
11125004,16
11125005,16
11125015,16
11125016,16
11125017,16
11125018,16
11125019,16
11125020,16
11125021,16
11125022,16
11125031,16
11125032,16
11125033,16
11125034,16
11125035,16
11125036,16
11125037,16
11125038,16
11125048,16
11125049,16
11125050,16
11125051,16
11125052,16
11125053,16
11125054,16
11125055,16
11125068,16
11125101,16
11125102,16
11125103,16
11125104,16
11125105,16
11125106,16
11125107,16
11125108,16
11125118,16
11125119,16
11125120,16
11125121,16
11125122,16
11125123,16
11125124,16
11125125,16
11125154,16
11125155,16
11125156,16
11125157,16
11125158,16
11125159,16
11125160,16
11125161,16
11125170,16
11125171,16
11125172,16
11125173,16
11125174,16
11125175,16
11125176,16
11125177,16
11125186,16
11125187,16
11125188,16
11125189,16
11125190,16
11125191,16
11125192,16
11125193,16
11125286,16
11125287,16
11125288,16
11125289,16
11125290,16
11125291,16
11125292,16
11125293,16
11125350,16
11125351,16
11125352,16
11125353,16
11125354,16
11125355,16
11125356,16
11125357,16
11125366,16
11125367,16
11125368,16
11125369,16
11125370,16
11125371,16
11125372,16
11125373,16
11125610,16
11125611,16
11125612,16
11125613,16
11125614,16
11125615,16
11125616,16
11125617,16
11125626,16
11125644,16
11125645,16
11125646,16
11125647,16
11125648,16
11125649,16
11125650,16
11125651,16
11125660,16
11125661,16
11125662,16
11125663,16
11125664,16
11125665,16
11125666,16
11125667,16
11125692,16
11125693,16
11125694,16
11125695,16
11125696,16
11125697,16
11125698,16
11125699,16
11125754,16
11125755,16
11125756,16
11125757,16
11125758,16
11125759,16
11125760,16
11125761,16
11125947,16
11125948,16
11125949,16
11125950,16
11125951,16
11125952,16
11125953,16
11125954,16
11126002,16
11126003,16
11126004,16
11126005,16
11126006,16
11126007,16
11126008,16
11126009,16
11126018,16
11126019,16
11126020,16
11126021,16
11126022,16
11126023,16
11126024,16
11126025,16
11126253,16
11126254,16
11126255,16
11126256,16
11126257,16
11126258,16
11126259,16
11126260,16
11141276,8
11141277,8
11141278,8
11141279,8
11141280,8
11141281,8
11141282,8
11141283,8
11141292,8
11141293,8
11141294,8
11141295,8
11141296,8
11141297,8
11141298,8
11141299,8
11141307,8
11141309,8
11141310,8
11141311,8
11141312,8
11141313,8
11141314,8
11141315,8
11141316,8
11141325,8
11141326,8
11141327,8
11141328,8
11141329,8
11141330,8
11141331,8
11141332,8
11141921,8
11141922,8
11141923,8
11141924,8
11141925,8
11141926,8
11141927,8
11141928,8
11141954,8
11141955,8
11141956,8
11141957,8
11141958,8
11141959,8
11141960,8
11141961,8
11141970,8
11141971,8
11141972,8
11141973,8
11141974,8
11141975,8
11141976,8
11141977,8
11141979,8
11141991,8
11141992,8
11141993,8
11141994,8
11141995,8
11141996,8
11141997,8
11141998,8
11142000,8
11142008,8
11142009,8
11142010,8
11142011,8
11142012,8
11142013,8
11142014,8
11142015,8
11142024,8
11142043,8
11142044,8
11142045,8
11142046,8
11142047,8
11142048,8
11142049,8
11142050,8
11142060,8
11142061,8
11142062,8
11142063,8
11142064,8
11142065,8
11142066,8
11142067,8
11142077,8
11142118,8
11142119,8
11142120,8
11142121,8
11142122,8
11142123,8
11142124,8
11142125,8
11142182,8
11142183,8
11142184,8
11142185,8
11142186,8
11142187,8
11142188,8
11142189,8
11142220,8
11142221,8
11142222,8
11142223,8
11142224,8
11142225,8
11142226,8
11142227,8
11142236,8
11142238,8
11142239,8
11142240,8
11142241,8
11142242,8
11142243,8
11142244,8
11142245,8
11142254,8
11142255,8
11142256,8
11142257,8
11142258,8
11142259,8
11142260,8
11142261,8
11142272,8
11142273,8
11142274,8
11142275,8
11142276,8
11142277,8
11142278,8
11142279,8
11142288,8
11142289,8
11142290,8
11142291,8
11142292,8
11142293,8
11142294,8
11142295,8
11142305,8
11142306,8
11142307,8
11142308,8
11142309,8
11142310,8
11142311,8
11142312,8
11142360,8
11142361,8
11142362,8
11142363,8
11142364,8
11142365,8
11142366,8
11142367,8
11142392,8
11142393,8
11142394,8
11142395,8
11142396,8
11142397,8
11142398,8
11142399,8
11142425,8
11142426,8
11142427,8
11142428,8
11142429,8
11142430,8
11142431,8
11142432,8
11142477,8
11142478,8
11142479,8
11142480,8
11142481,8
11142482,8
11142483,8
11142484,8
11142494,8
11142495,8
11142496,8
11142497,8
11142498,8
11142499,8
11142500,8
11142501,8
11142509,8
11142528,8
11142529,8
11142530,8
11142531,8
11142532,8
11142533,8
11142534,8
11142535,8
11142536,8
11142546,8
11142547,8
11142548,8
11142549,8
11142550,8
11142551,8
11142552,8
11142553,8
11142554,8
11142564,8
11142565,8
11142566,8
11142567,8
11142568,8
11142569,8
11142570,8
11142571,8
11142572,8
11142582,8
11142583,8
11142584,8
11142585,8
11142586,8
11142587,8
11142588,8
11142589,8
11142590,8
11142672,8
11142673,8
11142674,8
11142675,8
11142676,8
11142677,8
11142678,8
11142679,8
11142680,8
11142690,8
11142691,8
11142692,8
11142693,8
11142694,8
11142695,8
11142696,8
11142697,8
11142698,8
11142708,8
11142709,8
11142710,8
11142711,8
11142712,8
11142713,8
11142714,8
11142715,8
11142716,8
11142840,8
11142841,8
11142842,8
11142843,8
11142844,8
11142845,8
11142846,8
11142847,8
11142910,8
11142911,8
11142912,8
11142913,8
11142914,8
11142915,8
11142916,8
11142917,8
11142918,8
29500000,1
29500001,1
29500002,1
29500003,1
29500004,1
29500005,1
29500006,1
29500007,1
71014002,16
999999999,8
